gl,spect
NN 3001 ,DC9
GJ 1001 ,M3.5
NN 3002 ,G2 V
NN 3003 ,G9 V
Gl 1    ,M4 V
Gl 2    ,dM2  e
NN 3004 ,G5
Gl 3    ,K5 V
NN 3005 ,M5
Gl 4    ,dK6  e
Gl 4    ,M0.5 V
Gl 4.1  ,G5 V
Gl 4.1  ,dG8
NN 3006 ,M4
Gl 4.2  ,G1 IV
Gl 4.2  ,
Gl 5    ,K0 Ve
GJ 1002 ,M5-5.5
GJ 1003 ,m
Wo 9003 ,K0 V
NN 3007 ,M3.5
NN 3008 ,dM0
NN 3009 ,M4
Gl 6    ,F8 IV
NN 3010 ,m
Gl 7    ,m
Gl 8    ,F2 III-IV
Gl 9.1  ,K0 III
NN 3011 ,dM2
NN 3012 ,K7
Gl 10   ,F7 V
Gl 10.1 ,G4 V
NN 3013 ,F4 V
GJ 1004 ,DA8
Gl 11   ,dM4   J
Gl 11   ,
NN 3014 ,M1.5
NN 3015 ,m
NN 3016 ,DC8
GJ 1005 ,M4
NN 3017 ,dM3.4
Gl 12   ,dM3.5
NN 3018 ,m
NN 3019 ,m
NN 3020 ,M5
GJ 1006 ,M4
GJ 1006 ,M4.5
Wo 9006 ,m
NN 3021 ,G6 V
NN 3022 ,m
GJ 1007 ,m
Gl 13   ,G2 V
Gl 14   ,dM0.5
NN 3023 ,M2
NN 3024 ,M0
NN 3025 ,dM0
NN 3026 ,m
Wo 9008 ,G2 V
Gl 15   ,M2 V
Gl 15   ,M6 Ve
Gl 16   ,dM0
Gl 16.1 ,G5 IV-V
NN 3027 ,m
GJ 1008 ,K7 V
Gl 17   ,F9 V
GJ 2003 ,M1
NN 3028 ,M6
Gl 17.1 ,M1
NN 3029 ,M3:
NN 3030 ,m
GJ 1009 ,dM2
NN 3031 ,DC9
Gl 17.2 ,K3 V
Gl 17.3 ,G2 V
GJ 1010 ,k-m
GJ 1010 ,m
GJ 2004 ,K3/4 V
NN 3032 ,M4
GJ 1011 ,k-m
Gl 18   ,K3 V
NN 3033 ,m
GJ 2005 ,M5.5
NN 3034 ,m
Gl 19   ,G2 IV
Gl 20   ,A7 Vn
Gl 21   ,dM0
NN 3035 ,m
GJ 1012 ,M4
NN 3036 ,m
GJ 1013 ,m
Gl 22   ,dM2.5e
Gl 22   ,dM3.5
NN 3037 ,g-k
NN 3038 ,K7
NN 3039 ,m
Wo 9015 ,A0 V
Wo 9015 ,A
NN 3040 ,k-m
Wo 9016 ,F8
Gl 22.2 ,F3 IV-V
Gl 23   ,F6 V
Gl 23   ,G1 V
GJ 1014 ,
NN 3041 ,F6 V
NN 3042 ,M2
NN 3043 ,G5
Gl 24   ,G3 V
Gl 24   ,K0 V
Gl 25   ,G7 V
Gl 25   ,G8 V
GJ 2010 ,DA7
NN 3044 ,M0
NN 3045 ,m
Gl 26   ,dM4
NN 3046 ,m
Gl 27   ,K0+ V
Gl 27.1 ,M0.5
Gl 27.2 ,G3 V
Gl 28   ,K2 Ve
Gl 29   ,G1 V
NN 3047 ,m
GJ 1015 ,m
GJ 1015 ,DQ5
GJ 2012 ,DQ9
GJ 1016 ,k
GJ 1017 ,m
GJ 1018 ,m
Gl 29.1 ,dM0  e
Gl 30   ,dK5
GJ 1019 ,m
NN 3048 ,dM0
Gl 31   ,K1 IIIe
NN 3049 ,M4
NN 3050 ,G8
NN 3051 ,m
NN 3052 ,m
Wo 9024 ,G5 V
Gl 31.2 ,dM2
Gl 31.2 ,m
Gl 31.3 ,F2 V
NN 3053 ,m
Gl 31.4 ,K2 V
Gl 31.5 ,G3 V
GJ 1020 ,G0 V
NN 3054 ,M3
Gl 32   ,K5 V
Gl 32   ,K7 V
GJ 1021 ,G5 IV
NN 3055 ,M3 :
NN 3056 ,m
Wo 9029 ,F7/8 V
Wo 9029 ,m
Gl 33   ,K2 V
Gl 34   ,G3 V
Gl 34   ,K7 V
NN 3057 ,M4
NN 3058 ,m
Gl 34.1 ,F8 V
Gl 35   ,DZ7
NN 3059 ,M2
Gl 36   ,G9 V
GJ 1022 ,M6
Gl 37   ,F7 IV-V
NN 3060 ,m
NN 3061 ,m
NN 3062 ,A3
Gl 38   ,dM2
Gl 39   ,dK6
GJ 2015 ,K0
Gl 40   ,K5 V
Gl 40   ,m
Gl 41   ,F8 V
NN 3063 ,M3
Gl 42   ,K3 V
GJ 1023 ,G0
GJ 1023 ,
Gl 42.1 ,G5
Gl 43   ,m
NN 3064 ,DA7
NN 3065 ,K5 V
NN 3066 ,K4 V
NN 3067 ,
GJ 1024 ,m
Gl 44   ,K1
Gl 45   ,K7 V
Gl 46   ,M3.5
GJ 2017 ,G0
Gl 46.1 ,G5
NN 3068 ,m
GJ 2018 ,K2
GJ 2019 ,K0
Gl 47   ,dM2.5e
GJ 1025 ,
Gl 48   ,dM3.5e
Wo 9035 ,dG2
NN 3069 ,m
GJ 2020 ,F0 V
Gl 49   ,K5 V
Gl 50   ,K5 V
NN 3070 ,
NN 3071 ,K0
NN 3072 ,K7 V
Gl 51   ,M5
NN 3073 ,m
GJ 1026 ,M1.5
GJ 1026 ,M3.5
GJ 1027 ,DA6
Wo 9036 ,K5 V
GJ 1028 ,m
Wo 9037 ,G3 IV
GJ 1029 ,m
Gl 52   ,K7 V
GJ 1030 ,k-m
Gl 52.1 ,K1 V
NN 3074 ,m
Gl 53   ,G5 VI
Gl 53   ,
Gl 52.2 ,M3
Gl 53.1 ,K4 V
Gl 53.1 ,M3
GJ 1031 ,dM5
Gl 53.2 ,dK6
NN 3075 ,K1.5 III
Wo 9043 ,G8/K0 V
GJ 1032 ,dM2
GJ 2021 ,m
Gl 53.3 ,M0 IIIe
Gl 54   ,k
NN 3076 ,m
NN 3077 ,m
NN 3078 ,m
NN 3079 ,DAwk
Gl 54.1 ,dM5  e
NN 3080 ,G5
GJ 1033 ,
NN 3081 ,dM2.5
Gl 54.2 ,F5 V
Gl 54.2 ,K1 V
Wo 9046 ,G0 V
NN 3082 ,M3
Gl 54.3 ,K0 IV/V
Gl 55   ,F8 V
Gl 55.1 ,K2 V
Gl 55.1 ,
GJ 1034 ,m
Gl 55.2 ,dK5
Gl 55.3 ,F6 IV  J
Gl 55.3 ,G5
GJ 1035 ,m
GJ 1036 ,m
Gl 56   ,K3 V
NN 3083 ,M0.5
NN 3084 ,dM2
GJ 1037 ,DQ6
Gl 56.1 ,M3
Gl 56.2 ,M1
Gl 56.3 ,K1 V
Gl 56.3 ,M0
Gl 56.4 ,dK8
NN 3085 ,m
NN 3086 ,dM0
NN 3087 ,k-m
NN 3088 ,m
NN 3089 ,dK8
Gl 56.5 ,dK0
Gl 57   ,dM0.5
NN 3090 ,M3
NN 3091 ,K2 V
NN 3092 ,m
NN 3093 ,m
NN 3094 ,m
NN 3095 ,G5
NN 3096 ,m
Gl 57.1 ,K0 IV
Gl 57.1 ,dK7   J
Gl 57.1 ,
Wo 9056 ,K2
GJ 1038 ,k-m
NN 3097 ,dM3.5
GJ 1039 ,DC7
Gl 58.2 ,K2 V
NN 3098 ,M1.5
Gl 59   ,G8 V
Gl 59   ,m
Gl 59.1 ,G6 V
NN 3099 ,K0/1 V
Wo 9057 ,F8
NN 3100 ,dM0
Gl 60   ,K3 V
Gl 60   ,K4 V
Gl 60   ,M2 V
NN 3101 ,m
Gl 61   ,F8 V
Gl 62   ,K0 V
Gl 63   ,dM3
NN 3102 ,K7
Gl 64   ,DA7
GJ 1040 ,dK8
NN 3103 ,k
Gl 65   ,dM5.5e
Gl 65   ,dM5.5e
NN 3104 ,M5
NN 3105 ,m
Gl 65.2 ,M0
NN 3106 ,B5
Wo 9059 ,G5 V
Gl 66   ,K2 V
Gl 66   ,K3 V
Gl 67   ,G1.5 V
Gl 67.1 ,G2 V
Gl 67.2 ,G5 V
Gl 68   ,K1 V
Gl 69   ,K5 V
NN 3107 ,m
NN 3108 ,K7
NN 3109 ,F8 V
NN 3110 ,M0
Gl 70   ,dM2
NN 3111 ,m
NN 3112 ,DA7
Gl 71   ,G8 Vp
Gl 73   ,M3
Gl 74   ,dK8
Gl 75   ,K0 V
NN 3113 ,M3
NN 3114 ,M3
Gl 76   ,K1 V
NN 3115 ,F8 V
Gl 77   ,G4 V
Wo 9061 ,F3 III
Wo 9061 ,dG1
NN 3116 ,M0
NN 3117 ,dM2
NN 3118 ,DA6
NN 3119 ,m
NN 3120 ,M4
NN 3121 ,DA3
Gl 78   ,M3.5
Gl 78.1 ,F6 IV
NN 3122 ,G5
Gl 79   ,K5/M0 V
Gl 80   ,A5 V
Gl 81   ,G5 IV
Gl 81   ,
Gl 81.1 ,G5 IV
Gl 81.1 ,m
Gl 81.2 ,K5 V
Gl 81.3 ,F8 V
Gl 82   ,dM4  e
Gl 82.1 ,dG7
GJ 1041 ,k-m
GJ 1041 ,m
NN 3123 ,m
NN 3124 ,m
Gl 83   ,F0 V
NN 3125 ,m
Gl 83.1 ,dM8  e
NN 3126 ,M4
NN 3127 ,m
Wo 9067 ,K4
Wo 9067 ,M1.5
NN 3128 ,m
NN 3129 ,dM5  :
NN 3130 ,G5
NN 3131 ,M3
Gl 83.4 ,G3 V
Gl 83.4 ,
NN 3132 ,m
NN 3133 ,K0 V
Gl 84   ,M3
Gl 84.1 ,M0.5
Gl 84.1 ,M3.5
NN 3134 ,m
NN 3135 ,M3.5
Gl 84.2 ,dM0
Gl 84.2 ,
Gl 84.3 ,K2 IIIab
Wo 9073 ,G2 V
Wo 9073 ,K4
NN 3136 ,M5  :
NN 3137 ,m
Gl 85   ,m
NN 3138 ,K7
Gl 85.1 ,M3
NN 3139 ,M3
NN 3140 ,dM4
GJ 1042 ,DZ7
Gl 86   ,K0 V
Gl 87   ,dM2.5
GJ 1043 ,F5 V
NN 3141 ,m
Gl 87.1 ,F8 V
Gl 87.1 ,G5 V
NN 3142 ,m
Gl 88   ,M0
Gl 89   ,A2 Vn
GJ 1044 ,K7 V
Gl 90   ,K2 V
Gl 91   ,M2.5
GJ 1045 ,m+
NN 3143 ,m
NN 3144 ,DA6
NN 3145 ,M3
Gl 91.2 ,K3 V
Gl 91.2 ,K
Gl 91.3 ,DC9
NN 3146 ,m
Gl 92   ,G0 Ve
NN 3147 ,m+
NN 3148 ,M4
NN 3149 ,M4
Gl 92.1 ,K1 V
Gl 92.2 ,M3
Gl 93   ,m
Gl 94   ,M3.5
NN 3150 ,m
Gl 95   ,G5 V
GJ 1046 ,M3
NN 3151 ,m
NN 3152 ,k
GJ 1047 ,m
GJ 1047 ,m
GJ 1047 ,m
NN 3153 ,m
NN 3154 ,K3/4 V
Gl 96   ,dM1.5e
Wo 9079 ,K3 V
NN 3155 ,K0
Gl 97   ,G1 V
Gl 97.1 ,A3 Vn
NN 3156 ,m
NN 3157 ,m
Wo 9082 ,G9
Gl 98   ,K7 V
Gl 98   ,K7 V
NN 3158 ,m
NN 3159 ,m
Gl 99   ,dM0  pJ
Gl 99   ,
Gl 99.1 ,G0 V
NN 3160 ,M1
Gl 100  ,K4 V
Gl 100  ,
Gl 100  ,M3
Gl 100.1,DA3
Gl 101  ,M3.5
Wo 9083 ,K3 III
Gl 101.1,m
NN 3161 ,F8 V
NN 3162 ,DC
NN 3163 ,G5
Gl 102  ,M4
NN 3164 ,m
NN 3165 ,M3.5
Gl 103  ,K7 Ve
NN 3166 ,M3  e
NN 3167 ,K4 V
Wo 9085 ,G5 IV
NN 3168 ,m
Gl 104  ,dM2
Gl 105  ,K3 V
Gl 105  ,dM4.5
GJ 1048 ,K2 V
NN 3169 ,M3
NN 3170 ,M3.5
Wo 9086 ,G0
Wo 9087 ,K3
NN 3171 ,M5  e
NN 3172 ,m
Gl 105.1,G5 IV
Wo 9089 ,G1 V
NN 3173 ,DA8
NN 3174 ,m
Gl 105.3,G2 V-VI
Gl 105.4,F5 V
Gl 105.4,F5 V
GJ 1049 ,M0 Ve
GJ 1050 ,m
NN 3175 ,F8 V
Gl 105.5,dM0  p
Wo 9094 ,G0 V
Gl 105.6,F9 V
Gl 106  ,dK4
Gl 106.1,A3 V
Gl 106.1,dF3
Gl 106.1,K5
Gl 107  ,F7 V
Gl 107  ,M1 V
Gl 108  ,G3 IV
NN 3176 ,M3.5
Gl 109  ,dM3.5
GJ 1051 ,M2.5
NN 3177 ,G5 V
Wo 9099 ,F0 IV
NN 3178 ,K6
NN 3179 ,m
Gl 111  ,F6 V
Gl 112  ,K1 IV
Gl 112.1,dK8
NN 3180 ,m
NN 3181 ,M6
GJ 1052 ,DA7
NN 3182 ,DC9
Gl 113  ,K1 Ve
Gl 113  ,m
Gl 113.1,G9  e
Gl 114  ,dK6
Gl 114.1,k-m
NN 3183 ,m
Gl 115  ,F8 V
Gl 116  ,dM0
NN 3184 ,dM3
NN 3185 ,K5 V
NN 3186 ,dM0
Gl 117  ,K2 V
NN 3187 ,K1 V
Gl 118  ,m
NN 3188 ,F4 V
Gl 118.1,K3 V
Gl 118.1,M3 :
Gl 118.2,dK2
Gl 118.2,dM0
Gl 118.2,m
Gl 119  ,M1
Gl 119  ,M3
Wo 9106 ,K0
Gl 120  ,dM4
Gl 120.1,K1/2 V
Gl 120.1,
Gl 120.1,K2 V
NN 3189 ,M2.5
GJ 2028 ,DA6
NN 3190 ,M3.5
NN 3191 ,m
Gl 120.2,G8 V
Wo 9107 ,G5 IV
NN 3192 ,M3
NN 3193 ,M3
NN 3194 ,G4 V
NN 3195 ,M3
Gl 121  ,A4 IV
Gl 121.1,m
Gl 121.2,dG5
NN 3196 ,k-m
NN 3197 ,k-m
NN 3198 ,M3
Gl 122  ,dM0
NN 3199 ,K5
Gl 123  ,M0 V
NN 3200 ,G5 V
NN 3201 ,m
NN 3202 ,dK7
GJ 1053 ,sdM6
Gl 124  ,G0 V
GJ 1054 ,K7 V
GJ 1054 ,m+
NN 3203 ,m
Gl 125  ,dM1
GJ 1055 ,m
NN 3204 ,M3
GJ 1056 ,K5 V
NN 3205 ,dM4
NN 3206 ,dK8
Gl 126  ,m
NN 3207 ,M3.5
Gl 127  ,F7 IV
Gl 127  ,G7 V
Gl 127.1,DA3
Gl 127.1,
Gl 128  ,F8 V
Gl 128  ,
Gl 130  ,M3
GJ 1057 ,m
Wo 9111 ,dM0
NN 3208 ,m
NN 3209 ,M1
NN 3210 ,DZ7
NN 3211 ,
Wo 9112 ,K1 V
NN 3212 ,M0
Gl 130.1,M1.5
Gl 130.1,M2
Gl 131  ,K7 V
Gl 132  ,G3 V
NN 3213 ,m
Gl 133  ,M2
NN 3214 ,M3.5
NN 3215 ,k
Gl 134  ,dM1.5e
NN 3216 ,m
Gl 135  ,G1.5 V
Gl 136  ,G2 V
Gl 137  ,G5 Ve
Gl 138  ,G1 V
Gl 138.1,dG2
Gl 138.1,k-m
Gl 139  ,G5 V
NN 3217 ,K3
NN 3218 ,M2
NN 3219 ,K7
NN 3220 ,a
GJ 1058 ,m
GJ 1059 ,m
NN 3221 ,m
GJ 2030 ,G2 V
GJ 2030 ,
Gl 140  ,dM0
Gl 140  ,
Gl 140  ,m
Gl 140.1,K5 V
Gl 140.1,k
NN 3222 ,K0 V
Gl 141  ,K5 V
NN 3223 ,DZ9
NN 3224 ,m+
NN 3225 ,m
Gl 141.2,G8 V
NN 3226 ,K7
Gl 142  ,K7 V
NN 3227 ,m
Gl 143  ,K5 V
NN 3228 ,m
NN 3229 ,m
GJ 1060 ,DA5
GJ 1060 ,sdM3
Gl 143.1,M0 V
NN 3230 ,G5
NN 3231 ,dK6
NN 3232 ,K7 V
Gl 143.2,F5 IV-V
Gl 143.2,m
Gl 143.3,sdM3
NN 3233 ,G5
Gl 144  ,K2 V
Gl 145  ,M3.5
NN 3234 ,m
NN 3235 ,k-m
NN 3236 ,m
Gl 146  ,K7 V
NN 3237 ,dM5  :
GJ 1061 ,M4.5
Gl 147  ,F8 V
NN 3238 ,M3
NN 3239 ,g-k
NN 3240 ,g-k
GJ 1062 ,M2
NN 3241 ,dM3.1
NN 3242 ,M3.5
Wo 9119 ,dK5
Wo 9119 ,
Wo 9120 ,M3.5
Gl 147.1,F9 V
NN 3243 ,m
NN 3244 ,K0
Gl 148  ,dM0  p
NN 3245 ,M0.5
NN 3246 ,K4 V
Gl 149  ,K4
Gl 149  ,m
Gl 150  ,K0 IVe
NN 3247 ,m
Gl 150.1,dM0
Gl 150.1,dM0
Gl 150.2,K0
Wo 9124 ,F8
Wo 9125 ,G0
Wo 9126 ,K2
Wo 9127 ,G3
Gl 151  ,DQ8
GJ 1063 ,dK8
Gl 152  ,K0 V
NN 3248 ,m
Gl 160  ,G5 V
Gl 153  ,K7
Gl 153  ,M2.5 J
Gl 153  ,
Gl 154  ,K7
Gl 154.1,K5 V
Gl 154.1,M3 V
Gl 154.2,K0 IV
GJ 1064 ,K1 V
GJ 1064 ,K2 V
Wo 9131 ,F0 V
NN 3249 ,M2.5
NN 3250 ,k-m
Gl 155  ,F3 III
Wo 9132 ,F6 V
Gl 155.1,M1
NN 3251 ,M3
Wo 9134 ,G5 V
Wo 9135 ,dK6
GJ 1065 ,dM4
NN 3252 ,m
NN 3253 ,M4.5
NN 3254 ,G8 V
Gl 155.2,K0 V
Gl 155.3,M2.5
NN 3255 ,G5
NN 3256 ,M3
NN 3257 ,G0
Gl 156  ,M0 V
Gl 156.1,dM1.5e
NN 3258 ,G8 V
Gl 156.2,K4 V
GJ 1066 ,K4 V
Gl 157  ,K4 V
Gl 157  ,dM3  e
Gl 157.1,dM4
Wo 9141 ,M3.5
NN 3259 ,DC9
NN 3260 ,M0
Gl 158  ,K1 V
Gl 159  ,F6 V
Wo 9142 ,G8
NN 3261 ,dM5  e
NN 3262 ,dM0
Wo 9143 ,F1 IV
Gl 161  ,dK2
Gl 160.2,dM0
NN 3263 ,M3.5
Gl 161.1,F7 V
Gl 161.2,k
Gl 162  ,M1
Gl 162.1,G3 V
NN 3264 ,G2 IV-V
GJ 1067 ,dM0
NN 3265 ,M3.5
NN 3266 ,m
Gl 163  ,M3.5
NN 3267 ,G5
Gl 164  ,M3.5
GJ 1068 ,pec
Gl 165  ,M3.5
Gl 165.1,K3
NN 3268 ,m
Gl 165.2,K3 V
GJ 1069 ,K5 V
NN 3269 ,M2
Gl 166  ,K1 Ve
Gl 166  ,DA4
Gl 166  ,dM4.5e
GJ 2033 ,k-m
NN 3270 ,dM4  e
Gl 167  ,K5 V
Gl 167.1,F4 III
Gl 167.2,M0
NN 3271 ,M3
Gl 167.3,K2 IV
NN 3272 ,M4
NN 3273 ,G5
NN 3274 ,k-m
GJ 1070 ,k-m
NN 3275 ,dM4.5e
Gl 168.1,
Gl 168.2,m
NN 3276 ,m
GJ 2034 ,DA8
NN 3277 ,G5
NN 3278 ,dM0
NN 3279 ,m
NN 3280 ,k-m
NN 3281 ,M2
NN 3282 ,m
NN 3283 ,m
NN 3284 ,dM0
NN 3285 ,DC8
Wo 9155 ,G4 V
Wo 9155 ,G6 V
NN 3286 ,M3.5
NN 3287 ,m
NN 3288 ,DC9
NN 3289 ,m
NN 3290 ,dM1
Wo 9156 ,G5 V
NN 3291 ,k
Gl 169  ,K7 V
NN 3292 ,m
NN 3293 ,M2.5
Gl 169.1,dM4
Gl 169.1,DC5
Gl 170  ,M4.5
NN 3294 ,k-m
Gl 170.1,A6 IV
NN 3295 ,G0
NN 3296 ,m
NN 3297 ,g-k
Wo 9158 ,K1
NN 3298 ,K3/5 V
NN 3299 ,K5
Gl 171  ,K2 V
GJ 1071 ,K5 V
NN 3300 ,G8 V
NN 3301 ,K
Gl 171.1,K5 III
Gl 171.1,dM2
Gl 171.2,dK5 ep
Gl 171.2,DC8
Gl 172  ,K8 Ve
NN 3302 ,k-m
NN 3303 ,M3.5
NN 3304 ,m
NN 3305 ,M1
Gl 173  ,dM1
NN 3306 ,DQ7
Wo 9160 ,K2 IIIb
Wo 9160 ,
Gl 173.1,K3 V
Gl 173.1,k-m
NN 3307 ,M0
Wo 9163 ,dM0
Gl 174  ,K3 V
Gl 174.1,F2 V
Gl 174.1,
Gl 175  ,G5 V J
Gl 175  ,
Gl 176  ,dM2.5e
Gl 176.1,F1 V
Gl 176.2,K3
NN 3308 ,
NN 3309 ,M2.5
NN 3310 ,k-m
NN 3311 ,m
NN 3312 ,G0
Gl 176.3,K0 V
NN 3313 ,k
Gl 177  ,G1 V
NN 3314 ,K7 V
NN 3315 ,k-m
Gl 178  ,F6 V
NN 3316 ,m
GJ 1072 ,m
Wo 9168 ,G1 IV-V
NN 3317 ,K2 V
GJ 1073 ,k
Gl 179  ,dM4  e
GJ 2035 ,K5 V
Gl 180  ,M3 :
NN 3318 ,M0 V
NN 3319 ,K0 V
GJ 2036 ,M2 Ve
GJ 2036 ,
Wo 9169 ,F8
Wo 9169 ,k
GJ 2037 ,K3/4 V
GJ 1074 ,M1
Gl 181  ,dM2  e
Gl 181.1,m
Gl 182  ,dM0.5
NN 3320 ,M2.5
Gl 183  ,K3 V
NN 3321 ,M1
NN 3322 ,dM3
Gl 184  ,dM0
NN 3323 ,m
Gl 185  ,M0 V    J
Gl 185  ,
NN 3324 ,G8 V
NN 3325 ,M3
Gl 186  ,K5 V
Gl 186.1,G5 V
Gl 186.1,m
NN 3326 ,m
Gl 187  ,F2 V
Gl 187.1,K0
Gl 187.2,F0 V
NN 3327 ,M4  e
NN 3328 ,g
NN 3329 ,DC9?
NN 3330 ,K0 V
Gl 188  ,G4 V
Gl 188  ,G4 V
Gl 189  ,F7 V
NN 3331 ,M2
NN 3332 ,M3:
NN 3333 ,k
NN 3334 ,G1 IV
GJ 1075 ,K7 V
Wo 9175 ,A3 III
Gl 189.2,F2 V
NN 3335 ,M3
Gl 190  ,M4
NN 3336 ,M2
GJ 2039 ,K0
NN 3337 ,m
Wo 9177 ,G8 IV/V
Gl 191  ,M0 V
Gl 192  ,M3.5:
NN 3338 ,K4
NN 3339 ,DA8
Gl 193  ,G8 V
NN 3340 ,m
Gl 194  ,G5 III
Gl 194  ,G0 III
Gl 195  ,dM2
Gl 195  ,M4  :
NN 3341 ,m
Gl 196  ,F6 V
Gl 197  ,G2 IV-V
NN 3342 ,m
NN 3343 ,m
Gl 198  ,G0 V
Gl 200  ,K3 V
Gl 200  ,M2
Gl 199  ,K3/5 V
Gl 199  ,
Gl 200.1,k
NN 3344 ,m
GJ 2040 ,M0 V
NN 3345 ,m
NN 3346 ,K3 V
GJ 1076 ,K3  p
GJ 1077 ,M1.5 V
GJ 2041 ,K5 V?
Gl 201  ,dK5  e
GJ 1078 ,m
Gl 202  ,F8 Ve
GJ 1079 ,K2/3 V
Gl 203  ,M3.5
GJ 1080 ,M5 V
Gl 204  ,K5 V
NN 3347 ,G0 V
NN 3348 ,m
GJ 2043 ,dM2
GJ 2043 ,m
NN 3349 ,M3
Gl 204.1,G5 Ve
Wo 9181 ,F8 V
Gl 204.2,M3.5
Gl 205  ,M1.5 V
NN 3350 ,m
NN 3351 ,m
Gl 206  ,dM4  e
GJ 1081 ,k-m
Gl 207  ,K7
NN 3352 ,M3
Gl 207.1,dM2.5e
NN 3353 ,M3
NN 3354 ,M3.5
NN 3355 ,K7
NN 3356 ,M3.5
GJ 1082 ,DA7
NN 3357 ,M4
Gl 208  ,dM0
Gl 209  ,G4 IV-V
NN 3358 ,K2 V
NN 3359 ,G5
Wo 9185 ,K5 V
Gl 209.1,F5 V
Wo 9187 ,A4 IV
Gl 210  ,G0 V
NN 3360 ,G5 V
NN 3361 ,K5 V
Gl 211  ,K1 Ve
GJ 1083 ,m
Gl 212  ,M1
NN 3362 ,M3
Wo 9188 ,dM0
Gl 213  ,M4
GJ 2045 ,m
Gl 215  ,K7
Wo 9189 ,G1 V
NN 3363 ,G5
NN 3364 ,m
Gl 216  ,F6 V
Gl 216  ,K2 V
Gl 217  ,K1 V
NN 3365 ,M4
NN 3366 ,m
Gl 217.1,A3 V
NN 3367 ,M0
Gl 217.2,K0 V
NN 3368 ,m
Gl 218  ,M3
NN 3369 ,M0.5
GJ 1084 ,M0 V
GJ 1085 ,G2 V
Gl 219  ,A5 V
GJ 1086 ,DQP8
Gl 220  ,M1.5
Gl 221  ,M0 V
Gl 222  ,G0 V
NN 3370 ,K2
Gl 223  ,K3 V
Gl 223.1,dM0
Gl 223.2,DZ9
Gl 224  ,G5 IV
Gl 224.1,K1 III/IV
GJ 1087 ,DAP9
Gl 225  ,F1 III
NN 3371 ,M1
NN 3372 ,m
NN 3373 ,k-m
NN 3374 ,m
NN 3375 ,A2 IV
NN 3376 ,G0
NN 3377 ,k-m
NN 3378 ,m
NN 3379 ,M4
Gl 225.1,G5 V
Gl 225.2,K5 V
Gl 225.2,
Gl 225.2,K5 V
NN 3380 ,m
Gl 226  ,M2.5
NN 3381 ,M3.5
NN 3382 ,m
Gl 226.1,M3.5
NN 3383 ,G5
Gl 226.2,dK8
Gl 226.3,G0 V
Wo 9200 ,G0 IV-V
Wo 9201 ,k
Gl 227  ,dK0  e
NN 3384 ,M3
Wo 9202 ,K0 V
Wo 9203 ,M3
NN 3385 ,M1.5
Gl 228  ,dM2.5 J
Gl 228  ,
Gl 229  ,M1 Ve
NN 3386 ,dK8
NN 3387 ,G4 V
GJ 1088 ,M3.5
Wo 9204 ,K2 V
NN 3388 ,m
Wo 9205 ,dG7
Gl 230  ,G2 V
Wo 9206 ,k
NN 3389 ,G5 V
Gl 231  ,G5 V
NN 3390 ,F6 V
Wo 9207 ,F5 IV-V
Gl 231.1,F9 V
Gl 231.1,m+
Wo 9209 ,G3 V
Wo 9209 ,DB4
Gl 231.3,M4
NN 3391 ,m
NN 3392 ,DA9
GJ 2049 ,M1.5
Gl 232  ,M4.5
NN 3393 ,m
NN 3394 ,G0 V
Gl 233  ,K2 V e
Wo 9212 ,F9 V
Wo 9212 ,K7
Gl 234  ,M4.5 J
Gl 234  ,
NN 3395 ,M0
NN 3396 ,m
Gl 236  ,M0
Gl 237  ,g-k
NN 3397 ,m
Gl 238  ,m
NN 3398 ,k-m
Gl 239  ,dM1
Gl 239.1,K1 III
Gl 240  ,K0
NN 3399 ,k-m
NN 3400 ,G0 V
NN 3401 ,
Gl 240.1,F8 V
Gl 241  ,dK6
NN 3402 ,M3
NN 3403 ,K7 V
Wo 9216 ,K7
NN 3404 ,m
NN 3405 ,m
NN 3406 ,M3.5   J
NN 3407 ,
Gl 242  ,F5 III
NN 3408 ,K3 V
NN 3409 ,M0.5
Gl 243  ,G2 V
Gl 244  ,A1 V
Gl 244  ,DA2
Gl 245  ,G0 V
Gl 245.1,F6 V
Gl 246  ,DA2
NN 3410 ,DA8
Gl 247  ,dM0  p
GJ 1091 ,
GJ 1092 ,m
NN 3411 ,K5
Gl 248  ,A7 IV
Gl 249  ,dK6
Gl 249.1,F5 III
NN 3412 ,M3.5
NN 3413 ,m
Gl 250  ,K3 V
Gl 250  ,M2
Wo 9219 ,G5 IV
Gl 251  ,dM4
Wo 9220 ,A9 V p
Wo 9220 ,G6 V
Gl 251.1,dM1.5
Gl 252  ,G0 V
NN 3414 ,k-m
NN 3415 ,K5 V
NN 3416 ,M1
NN 3417 ,m
Gl 253  ,G7 V
Gl 254  ,K7
Wo 9222 ,F8 V +A/F
NN 3418 ,G5
Gl 255  ,F8 IV-V
Gl 255  ,F8 IV-V
Gl 256  ,K4 V
Gl 257  ,M3
Gl 257  ,M3
GJ 1093 ,m
NN 3419 ,m
NN 3420 ,DC9
Gl 257.1,K3 V
Gl 258  ,M3.5
Gl 259  ,K0 Ve
Gl 260  ,K0 IV-V
Gl 261  ,DA
NN 3421 ,M4.5
NN 3422 ,K3 III
NN 3423 ,m
GJ 1094 ,K5 V
Gl 262  ,G4 V
NN 3424 ,M1
Gl 263  ,M3.5
Gl 264  ,K5 V
Gl 264.1,G3 V
Gl 264.1,K0 V
Gl 265  ,M0 Ve
NN 3425 ,dM0
NN 3426 ,m
NN 3427 ,m
Gl 266  ,dM0
Wo 9224 ,k
NN 3428 ,K3
NN 3429 ,M0
Gl 268  ,M4.5 Ve
NN 3430 ,sdM6
NN 3431 ,DQ8
NN 3432 ,M0
NN 3433 ,K5
NN 3434 ,K2 III
Gl 268.1,F0 IV
GJ 1095 ,G0 V
Gl 268.2,K5 V
GJ 1096 ,m+
Gl 268.3,dM0
NN 3435 ,DA4
NN 3436 ,G2 V
Wo 9228 ,A3 V
Gl 268.4,G3 V
NN 3437 ,m
NN 3438 ,M0.5
Gl 268.5,K5
Wo 9231 ,A3 V
Wo 9231 ,
Gl 269  ,K1 V
Gl 269  ,K4 V
Gl 270  ,dM1.5
Gl 271  ,F1 IV-V
Gl 271  ,K3 V
NN 3439 ,k-m
Gl 272  ,dM2
GJ 2057 ,K2
NN 3440 ,m
NN 3441 ,m
Gl 273  ,M3.5
Gl 273.1,dK8
Gl 274  ,F0 V
Gl 274  ,
NN 3442 ,k-m
Wo 9234 ,F6 V
Gl 275  ,G5 IV-V
GJ 1097 ,M3
Gl 275.1,dM0
NN 3443 ,F8 V
Gl 275.2,sdM5
Gl 275.2,DC
NN 3444 ,M6  :
Gl 276  ,dK8
NN 3445 ,m
Gl 277  ,dM3.5e
Gl 277  ,dM4.5e
GJ 1098 ,DC9
NN 3446 ,G4 V
NN 3447 ,dM0
NN 3448 ,m
NN 3449 ,F9 V
NN 3450 ,
Gl 277.1,dM0
NN 3451 ,m
NN 3452 ,dM0
Gl 278  ,A1 V
Gl 278  ,A m
Gl 278  ,M0.5Ve
NN 3453 ,k
GJ 1099 ,m
Gl 279  ,F6 IV
Wo 9237 ,G0
NN 3454 ,m
Wo 9238 ,M3
NN 3455 ,m
NN 3456 ,m
NN 3457 ,m
NN 3458 ,m+
NN 3459 ,m
Gl 280  ,F5 IV-V
Gl 280  ,DA
Gl 281  ,dM0
Gl 282  ,K2 Ve
Gl 282  ,K5
NN 3460 ,dK8
Gl 283  ,DZQ6
Gl 283  ,m
NN 3461 ,m
NN 3462 ,k-m
Gl 284  ,G6 IV
Gl 285  ,dM4.5e
Gl 285.1,dG5
Gl 286  ,K0 IIIb
Gl 287  ,dM0
Gl 288  ,G0 V
Gl 288  ,m
GJ 1100 ,M1
GJ 1101 ,m
Gl 289  ,M2
GJ 1102 ,DC9
GJ 1102 ,DC9
Gl 290  ,G8 V
Wo 9242 ,G5 V
NN 3463 ,m
GJ 1103 ,m
GJ 1103 ,m
Gl 291  ,F9 V
Gl 291  ,G4 V
Gl 291.1,K2
NN 3464 ,K4
NN 3465 ,m
GJ 1104 ,G2 VI
Gl 292  ,F5 V
Gl 292  ,K3
Gl 292.1,dK6
Gl 292.2,G8 V
NN 3466 ,M4
Gl 293  ,DQ9
GJ 1105 ,k
Gl 293.1,K5 V
Gl 293.1,
NN 3467 ,m
NN 3468 ,m
NN 3469 ,m
GJ 1106 ,K5 V
Gl 293.2,K3 V
NN 3470 ,m
NN 3471 ,K0 V
Wo 9247 ,G6 V
NN 3472 ,K0/1 V
Gl 294  ,G2 V
Gl 294  ,k
Gl 294  ,
Gl 295  ,G8 V
Gl 295.1,K5  e
Gl 296  ,K7 V
NN 3473 ,k-m
NN 3474 ,m+
NN 3475 ,K5
NN 3476 ,K1 V
GJ 1107 ,dM0  p
NN 3477 ,M0
NN 3478 ,M0
NN 3479 ,m
NN 3480 ,m
Wo 9251 ,dK8
Wo 9251 ,K8
Gl 296.1,G4 IV-V
Gl 296.2,F8 V
NN 3481 ,K5
NN 3482 ,m
GJ 1108 ,dM0.5e
GJ 1108 ,dM3  e
NN 3483 ,DQ5
NN 3484 ,m
Gl 297.1,F5 V
NN 3485 ,m
Gl 297.2,F7 V
Gl 297.2,M3
Wo 9256 ,G4 V
Gl 298  ,m
Gl 299  ,dM5
NN 3486 ,m
Wo 9258 ,K0
Gl 300  ,M4
Gl 301  ,M0 V
Gl 301  ,
Wo 9259 ,G8 (IV)
NN 3487 ,G5
NN 3488 ,K4
GJ 2066 ,m
NN 3489 ,G8/K0 V
NN 3490 ,
NN 3491 ,k
NN 3492 ,k-m
Gl 301.1,K4 V
Gl 302  ,G7.5 V
NN 3493 ,K3 V
GJ 1109 ,A7 III
Gl 303  ,F6 V
NN 3494 ,K5
Gl 304  ,G6 V
NN 3495 ,G5
Gl 305  ,F6 IV
NN 3496 ,m
Gl 305.1,dM0  e
NN 3497 ,dM5.2
NN 3498 ,K3
Gl 306  ,F3 V
Gl 306.1,G4 V
Gl 307.1,G5 V
NN 3499 ,K2 III
Gl 308  ,M0 V
Gl 308  ,
GJ 1110 ,g-k
Gl 308.1,dM0
NN 3500 ,M3
GJ 1111 ,M6.5
GJ 1112 ,DA7
GJ 2069 ,M5  e
GJ 2069 ,
NN 3501 ,M1.5
NN 3502 ,M3
NN 3503 ,m
NN 3504 ,m
Gl 308.3,m
NN 3505 ,m
Gl 309  ,K0 V
NN 3506 ,M3
Wo 9269 ,K1(IV)+G
GJ 2070 ,M3.5
Gl 310  ,dM1
NN 3507 ,G5
Gl 310.1,F8 V
Gl 310.1,G5 IV-V
NN 3508 ,k
Gl 311  ,G1 V
Wo 9273 ,G0
Gl 312  ,G4 IV-V
NN 3509 ,m
Gl 314  ,G3 V
Gl 314  ,K0 V
Gl 315  ,K1 V
NN 3510 ,m+
NN 3511 ,m+
GJ 1113 ,K2 V
NN 3512 ,m
Gl 316  ,dM0
Gl 316.1,m
Gl 317  ,m
Gl 318  ,DA6
Gl 318.1,M1.5:
Gl 319  ,M0   J
Gl 319  ,
Gl 319  ,M3.5
Gl 319.1,K1 V
Gl 319.1,M1 :
Gl 320  ,K1 V
Gl 321  ,K3 V
NN 3513 ,m
Gl 321.1,G5 III
Gl 321.2,G5 V
Gl 321.3,A0 V
Gl 321.3,
Gl 321.3,
Gl 321.3,
NN 3514 ,m
NN 3515 ,m
Gl 322  ,dM0
NN 3516 ,G0
Gl 323  ,dM0  pJ
Gl 323  ,
GJ 1114 ,M2
Gl 324  ,G8 V
Gl 324  ,M3.5
GJ 1115 ,dM0
Gl 325  ,K5 V
Gl 325  ,K6 V
NN 3517 ,m
Gl 326  ,M6   J
Gl 326  ,
Gl 327  ,G3 V
Gl 328  ,dM1
Gl 329  ,K2/3 III
NN 3518 ,m
NN 3519 ,F6 V
Gl 330  ,dM5
NN 3520 ,m
NN 3521 ,m
GJ 1116 ,m
GJ 1116 ,m
Gl 330.1,dK5
Gl 331  ,A7 IV
Gl 331  ,dM1   J
Gl 331  ,
GJ 1117 ,DQ6
NN 3522 ,k
NN 3523 ,F6 V
GJ 1118 ,k-m
GJ 1119 ,m
Gl 332  ,F3 V
Gl 332  ,G5 V
NN 3524 ,k-m
NN 3525 ,G5 V
Gl 333  ,M3
Gl 333.2,dM4
Gl 333.2,dM4
Gl 333.1,F3 V
NN 3526 ,m
GJ 1120 ,K5
GJ 1120 ,K5
NN 3527 ,k
NN 3528 ,k
NN 3529 ,DC9
Gl 333.3,A5 V
NN 3530 ,m
NN 3531 ,m
Gl 334  ,dM0
NN 3532 ,m
NN 3533 ,k-m
NN 3534 ,A m
Gl 334.1,K7
Gl 334.2,F9 V
Wo 9286 ,G5 IV
Gl 335  ,F7 IV-V
Gl 335  ,K2 V
GJ 1121 ,m
NN 3535 ,G4
Wo 9287 ,G1 V
Wo 9287 ,
Gl 336  ,dM2
NN 3536 ,m
NN 3537 ,M4  e
NN 3538 ,K4
Gl 336.1,dM0
NN 3539 ,G5
Gl 336.2,K0 V
Gl 336.2,K0 V
NN 3540 ,m
Gl 337  ,K0 V J
Gl 337  ,
Gl 337.1,F9 V
Gl 338  ,M0 Ve
Gl 338  ,M0 Ve
Gl 338.1,K5   J
Gl 338.1,
Gl 339  ,dK5
Gl 339.1,DXP7
NN 3541 ,A5 V
Gl 339.3,F5 III
NN 3542 ,m
NN 3543 ,M2
NN 3544 ,F6 III-IV
Gl 340  ,K3 V
Gl 340  ,K3 V
NN 3545 ,m
NN 3546 ,K5
NN 3547 ,m
NN 3548 ,k-m
NN 3549 ,m
GJ 1122 ,m
GJ 1122 ,m
NN 3550 ,m
Gl 340.1,F4 V
Gl 340.1,
NN 3551 ,K7 V
Gl 340.2,K0
NN 3552 ,m
GJ 1123 ,m
Gl 340.3,dK8
NN 3553 ,m
NN 3554 ,m
GJ 1124 ,K2 V
Gl 341  ,M0 V
Gl 341.1,K5
NN 3555 ,M3:
Gl 342  ,dK5  e
Gl 343  ,M2
NN 3556 ,m
Gl 343.1,dK8  e
NN 3557 ,G5
Gl 344  ,G2 V J
Gl 344  ,
Gl 346  ,dM0
Gl 347  ,M3.5
Gl 347  ,m
Gl 348  ,F6 V
Gl 348  ,K0
NN 3558 ,m
Wo 9299 ,K7
Gl 349  ,K3 Ve
NN 3559 ,F0 IV
GJ 1125 ,M3.5
GJ 1126 ,K3 V
GJ 1126 ,g
Gl 351.1,M3
Gl 351  ,F3 IV
Gl 351  ,F0 IV
Gl 352  ,M3   J
Gl 352  ,
Gl 353  ,dM2
Gl 354  ,F6 IV
Gl 354  ,
Gl 354.1,dG9
Gl 354.1,m
Gl 355  ,K0
Gl 355.1,G4 III-IV
Gl 355.2,K0 IV
NN 3560 ,M3
Gl 356  ,G8 V
Gl 356  ,
Wo 9303 ,K5
NN 3561 ,m
Gl 357  ,M3 V
NN 3562 ,m
GJ 1127 ,dM0
Gl 358  ,M3
Gl 359  ,M4
Gl 360  ,M3
Gl 361  ,dM2  e
Gl 362  ,M3
Gl 363  ,M3.5
GJ 2074 ,DA7
Gl 364  ,F9 IV
Gl 365  ,K5 V
NN 3563 ,M3
NN 3564 ,M3
NN 3565 ,DA9
Gl 366  ,M1.5
GJ 1128 ,m
Gl 366.1,F6 V
Gl 366.1,F8 V
GJ 1129 ,m
Gl 367  ,M3
NN 3566 ,m
NN 3567 ,M2
NN 3568 ,m
Gl 368  ,G0.5 Va
NN 3569 ,DQ6
Gl 368.1,K1 V
Gl 368.1,
Gl 369  ,dM2
Gl 370  ,K5 V
Gl 371  ,dM0  p
NN 3570 ,K4
Gl 372  ,dM0
NN 3571 ,m
GJ 1130 ,M0 V
GJ 1130 ,
Gl 373  ,dM1
NN 3572 ,M4
NN 3573 ,m
Gl 374  ,K4 V
NN 3574 ,F6 Vas
NN 3575 ,DA6
NN 3576 ,m
NN 3577 ,m
NN 3578 ,m
Gl 375  ,M3.5
NN 3579 ,m
Gl 375.1,
NN 3580 ,K0 V
Wo 9309 ,g-k
Gl 376  ,G2 Va
Gl 377  ,M3
GJ 2077 ,DC7
Gl 378  ,dM2
NN 3581 ,K3 V
Gl 378.1,dK8
NN 3582 ,m
NN 3583 ,m
NN 3584 ,M0
NN 3585 ,M0
GJ 1131 ,m
Gl 378.2,dM0  e
Gl 378.3,A7 V
Wo 9315 ,K7 V
NN 3586 ,k-m
Gl 379  ,dK6  eJ
Gl 379  ,
Gl 379.1,F8 V
Gl 379.1,
Gl 379.2,G3 V-VI
Gl 380  ,K2 Ve
NN 3587 ,M4
Gl 381  ,dM0
Gl 382  ,dM2
Gl 383  ,K7 V
Gl 383.1,dM0
NN 3588 ,M3.5
Gl 384  ,G8 V
Gl 384  ,
Gl 385  ,
Gl 385.1,G1 V
Wo 9321 ,dF6
Wo 9322 ,G1 V
GJ 2079 ,dM0  e
NN 3589 ,F9 V
NN 3590 ,m
GJ 1132 ,k
NN 3591 ,k
NN 3592 ,DZ9
Gl 386  ,dM0
Gl 387  ,F8 Vbw
Gl 387  ,M1
NN 3593 ,G5 V
NN 3594 ,K0 V
Gl 388  ,M4.5Ve
Gl 388.1,F6 IV
NN 3595 ,m
Gl 388.2,F8 V
Wo 9326 ,F7 V
GJ 1133 ,DA7
NN 3596 ,dG2
Wo 9327 ,A0 p
Gl 389  ,M3
Gl 389  ,m
NN 3597 ,G5 V
NN 3598 ,M0
Gl 389.1,dK8
NN 3599 ,k-m
Gl 390  ,M1.5
NN 3600 ,k-m
NN 3601 ,m
Wo 9329 ,
Gl 391  ,F2 IV
Gl 392  ,F9 V
Gl 392  ,
Gl 392.1,F2 V
NN 3602 ,m
NN 3603 ,K0 V
NN 3604 ,m
NN 3605 ,DA
Gl 393  ,dM2.5
Gl 394  ,K7 Ve
Gl 395  ,F8 V
NN 3606 ,K4
NN 3607 ,M6  e:
Gl 396  ,K0
Gl 397  ,K7 V
Gl 397.1,dM0  e
Gl 397.1,m
NN 3608 ,K7 V
NN 3609 ,
Gl 397.2,F6 V
Wo 9333 ,
NN 3610 ,m
NN 3611 ,m+
NN 3612 ,k-m
Gl 398  ,dM4  e
Gl 398.1,F7 V
NN 3613 ,m
NN 3614 ,DQP9
Gl 399  ,m
GJ 1135 ,M0 V
GJ 1134 ,m
GJ 1136 ,K7 V
GJ 1136 ,
NN 3615 ,K1 V
GJ 1137 ,K2 V
NN 3616 ,m
NN 3617 ,m
Gl 400  ,dM2
Gl 400  ,
NN 3618 ,m
Gl 401  ,M1
Gl 401  ,DQ9
NN 3619 ,m
NN 3620 ,K5 V
NN 3621 ,K5
NN 3622 ,M6.5
NN 3623 ,m
NN 3624 ,m
GJ 1138 ,m
NN 3625 ,m
NN 3626 ,m
NN 3627 ,G5
NN 3628 ,m
Gl 402  ,dM5
NN 3629 ,m
Gl 402.1,dK8
Gl 403  ,dM3
NN 3630 ,m
NN 3631 ,m
Wo 9336 ,G3/5 V
GJ 1139 ,K4
Gl 403.1,F6 V
Gl 404  ,F8 IV-V
Gl 404.1,K1 III
Wo 9340 ,G2 V
Gl 405  ,M1.5
NN 3632 ,M4
NN 3633 ,K0
Gl 406  ,M6
Gl 406.1,dM0.5
GJ 1140 ,DA6
Wo 9342 ,dM0
NN 3634 ,m
NN 3635 ,m
Gl 407  ,G0 V
Gl 408  ,M3
NN 3636 ,M5  e
NN 3637 ,m
NN 3638 ,G8
Wo 9343 ,A1 V
Gl 409  ,
GJ 1141 ,dM0
GJ 1141 ,dM0
Gl 410  ,dM2  e
NN 3639 ,m
Gl 411  ,M2 Ve
NN 3640 ,K5
NN 3641 ,m
NN 3642 ,F3 IV   J
Gl 412  ,M2 Ve
Gl 412  ,M6  e
NN 3643 ,M3.5
Gl 412.1,G8 III
Gl 412.2,G2 V
GJ 1142 ,dM6
GJ 1142 ,DA3
Gl 412.3,K7 V
NN 3644 ,G5
Gl 413.1,M3
Wo 9350 ,K1
NN 3645 ,M0 V
NN 3646 ,m
Gl 414  ,K8 V
Gl 414  ,M2 V
Gl 414.1,M3
Gl 414.1,M3
Gl 415  ,K4
Gl 416  ,K4 V
NN 3647 ,dM4
Gl 416.1,A2 III
NN 3648 ,G8/K0 V
Gl 417  ,G0 V
NN 3649 ,M1
Gl 418  ,K5 V
NN 3650 ,K7
Gl 419  ,A4 V
NN 3651 ,K1 V
Gl 420  ,dK5
Gl 420  ,M2
GJ 1143 ,K4 V
GJ 1143 ,
NN 3652 ,m
Gl 421  ,K7 V
Gl 421  ,K7 V
Gl 421  ,M3.5
NN 3653 ,M0
Gl 421.1,F6 V
Gl 421.1,F9 V
GJ 1144 ,K7 V
Gl 422  ,m
NN 3654 ,M4
GJ 1145 ,M0 V
Wo 9356 ,dK6
Gl 423  ,G0 Ve
Gl 423  ,G0 Ve
Gl 423.1,G8 V
Gl 424  ,M1 V
Gl 425  ,K4/5 V  J
Gl 425  ,m
GJ 1146 ,k-m
Gl 426  ,K0
Gl 426  ,K7
NN 3655 ,M8
NN 3656 ,K6
GJ 2084 ,K4 V  J
NN 3657 ,m
NN 3658 ,m
GJ 2085 ,dM1
NN 3659 ,M3
Gl 427  ,DA7
NN 3660 ,M2.5
NN 3661 ,M3
NN 3662 ,dM0
Gl 428  ,K7 V
Gl 428  ,M0 Ve
NN 3663 ,F7 V +F7V
Gl 429  ,K0 IV
Gl 429  ,K2 IV-V
NN 3664 ,dM0
Gl 429.2,M2
NN 3665 ,G5
NN 3666 ,M3
NN 3667 ,DC8
Gl 429.3,F6 V
Gl 429.4,K4 Ve
Gl 430  ,dM0
NN 3668 ,m
Gl 430.1,dM1  e
NN 3669 ,G0 V
NN 3670 ,K6 IV
Gl 431  ,M3.5
Gl 431.1,F6 V
Gl 431.1,G3 V
Wo 9367 ,F6 V
Gl 432  ,K0 V
Gl 432  ,m
NN 3671 ,M1
NN 3672 ,m
NN 3673 ,m
Gl 433  ,M2 V
NN 3674 ,K5
Gl 433.1,DA3
NN 3675 ,m
NN 3676 ,m
GJ 1147 ,k
Gl 433.2,G0 V
Gl 433.2,K2 V
NN 3677 ,F7 V
NN 3678 ,K5 V
NN 3679 ,G6/8 V
Gl 434  ,G8 Ve
Gl 435  ,K5 Ve
NN 3680 ,G0 V
GJ 1148 ,M3.5
Gl 435.1,K5
NN 3681 ,M3.5
Gl 436  ,dM3.5
NN 3682 ,m
Gl 438  ,K0
NN 3683 ,K1 V
Gl 439  ,dK8
Gl 440  ,DQ6
GJ 1149 ,DC9
Gl 441  ,dK8
Gl 443  ,M3
Gl 442  ,G5 V
Gl 442  ,
NN 3684 ,m
GJ 1150 ,dM0  p
Gl 444  ,dK8
Gl 444  ,
Gl 445  ,sdM4
Gl 446  ,G5 V
NN 3685 ,m
NN 3686 ,m
Gl 447  ,dM4.5
NN 3687 ,G5/6 V
NN 3688 ,k
Gl 448  ,A3 V
Gl 449  ,F9 V
GJ 1151 ,m
Gl 450  ,M1 Ve
GJ 1152 ,G7 IV
NN 3689 ,K0
NN 3690 ,m
Gl 451  ,G8 VI
Gl 451  ,
NN 3691 ,m
Gl 452  ,M3
Gl 452  ,f
NN 3692 ,M4
NN 3693 ,M6  :
Gl 452.1,M3.5
Wo 9376 ,G5
Gl 452.2,F7 V
Gl 452.2,
Gl 452.3,dG6
Gl 452.3,dG7
Gl 452.4,M0 Ve
Gl 452.5,G5 V
Gl 452.5,
Wo 9381 ,M1.5
NN 3694 ,m
NN 3695 ,M2.5
Gl 453  ,K5 V
NN 3696 ,m
NN 3697 ,m
GJ 1153 ,K2 V
NN 3698 ,M3
NN 3699 ,m
Gl 454  ,K0 IV
Gl 454.1,K4
NN 3700 ,M5-6
Gl 454.2,G0 V    J
Gl 454.2,
Gl 454.3,K0 V
Gl 455  ,M3
NN 3701 ,F6 V
NN 3702 ,M4.5
NN 3703 ,G8 IIIa CN
NN 3704 ,M4
Gl 455.1,K5 V
Gl 455.2,F2 III
Gl 455.3,F2 III-IV
Gl 456  ,dM2
Wo 9390 ,G2 V
Wo 9390 ,K5
NN 3705 ,DA4
NN 3706 ,K0 V
Gl 456.1,K5 V
Gl 456.1,m
NN 3707 ,m
Wo 9393 ,M2 V
NN 3708 ,M2:
NN 3709 ,m
NN 3710 ,DA9
NN 3711 ,K2
NN 3712 ,K3
Wo 9394 ,F6 V-VI
Gl 457  ,dM0
NN 3713 ,m
Gl 458  ,dM1.5
Gl 458  ,m
Wo 9395 ,K3
NN 3714 ,M2 V
Gl 458.1,G4 V
NN 3715 ,G8 V
Wo 9397 ,M1.5
NN 3716 ,A2 m
GJ 1154 ,m
NN 3717 ,m
Gl 458.2,M2 V
Gl 459  ,A3 V
NN 3718 ,m
Gl 459.2,K4 V
GJ 1155 ,sdM3
GJ 1155 ,DA s
NN 3719 ,dM4-5e
Wo 9403 ,dM1.5e
NN 3720 ,m
GJ 1156 ,dM   e
Gl 459.3,M2 V
Gl 460  ,F0 IV
Gl 461  ,M0 V
Gl 462  ,M0 Ve
NN 3721 ,M0
GJ 1157 ,k
Gl 463  ,M3
NN 3722 ,m
Gl 464  ,dM2
Gl 464.1,G6 IV
Gl 465  ,dM4
NN 3723 ,G5
NN 3724 ,m
GJ 2092 ,DA/F
NN 3725 ,K3 V
NN 3726 ,dM5  e
Gl 468  ,K4 V
NN 3727 ,M2
NN 3728 ,g
Gl 469  ,M3.5
NN 3729 ,m
Wo 9407 ,K0 V
GJ 1158 ,M4
GJ 1159 ,m
GJ 1159 ,M5.5-6
NN 3730 ,dM5
Gl 469.1,G8 V
NN 3731 ,M3.5
NN 3732 ,M3.5:
Gl 469.2,G0 V    J
Gl 469.2,
Gl 471  ,dM1
GJ 1160 ,K2 V
Gl 471.2,F0 IV
NN 3733 ,m
NN 3734 ,M4
Gl 472  ,K0 V
Gl 473  ,dM5.5eJ
Gl 473  ,M7
Gl 474  ,K0 III
Gl 475  ,G0 V
NN 3735 ,K3/4 V
Gl 476  ,M3
GJ 1161 ,K4 V
GJ 1161 ,
Gl 477  ,M1
Gl 478  ,m
NN 3736 ,M3: V
Gl 479  ,M3
Gl 479.1,dG2  e
GJ 2095 ,DA6
NN 3737 ,M4
GJ 1162 ,m
Gl 480  ,dM4
GJ 2096 ,K5 V
NN 3738 ,m
NN 3739 ,m
Gl 480.1,M3.5
Gl 481  ,K4
Gl 482  ,F0 V
Gl 482  ,F0 V
NN 3740 ,k-m
NN 3741 ,m
NN 3742 ,m
NN 3743 ,K3 V
NN 3744 ,m
GJ 1163 ,dM4
Gl 483  ,K3 V
Gl 484  ,G0 V
NN 3745 ,m
NN 3746 ,G5 V
NN 3747 ,M3
NN 3748 ,M2.5
Gl 485  ,K4 V
Gl 486  ,dM4
GJ 1164 ,K4/5 V
GJ 1164 ,K7
NN 3749 ,m
GJ 1165 ,K2 V
NN 3750 ,DC8 :
Gl 486.1,G7 V
Wo 9417 ,F6 V
Gl 487  ,M3
NN 3751 ,M3.5
NN 3752 ,G8 V
NN 3753 ,DA4
NN 3754 ,DC9+
Wo 9418 ,K8
NN 3755 ,m
Gl 488  ,M0.5Ve
GJ 1166 ,dM4
GJ 1166 ,dM3-3.5
Wo 9420 ,K1 V
Wo 9421 ,F5 V
Gl 488.1,A7 III
Wo 9423 ,G1 V
Gl 488.2,K5
Gl 488.2,m
NN 3756 ,m
Gl 489  ,K4 V
Gl 490  ,M0 Ve
Gl 490  ,dM4  e
Gl 491  ,K0 V
Gl 491  ,
NN 3757 ,m+
NN 3758 ,M3.5
Gl 492  ,DC9
Gl 493  ,dM0.5
Gl 493.1,dM5  e
NN 3759 ,dM2
Gl 494  ,dM1.5e
Gl 496  ,F7 V    J
Gl 496  ,
Gl 496.1,K9 V
NN 3760 ,M4
Gl 498  ,dK8
Gl 499  ,dM0
Gl 499  ,
Gl 499.1,M5 III
NN 3761 ,K3 V
NN 3762 ,m
GJ 2097 ,m
Wo 9427 ,dK8
Wo 9428 ,M0
Wo 9429 ,G5 IV
NN 3763 ,m
NN 3764 ,M3.5
NN 3765 ,M0
Gl 500  ,G6 V
GJ 1167 ,dM5
Gl 501  ,F5 V
Gl 501  ,F5 V
Gl 501.1,F5 IV
NN 3766 ,m
Gl 501.2,G3 V
NN 3767 ,m
Gl 502  ,G0 V
NN 3768 ,DC9
Wo 9433 ,G2
NN 3769 ,K0
NN 3770 ,DC9+
GJ 1168 ,dM
Gl 503  ,F7 IV
NN 3771 ,K2 II
Gl 503.2,G1  V
NN 3772 ,m
NN 3773 ,m
Gl 503.3,K1 IV
GJ 1169 ,m
Gl 504  ,G0 V
Gl 505  ,K1 V
Gl 505  ,M1 V
NN 3774 ,M2
NN 3775 ,m
GJ 1170 ,dM2
Gl 506  ,G6 V
NN 3776 ,K1 V
Gl 506.2,dF7
Gl 507  ,dM1.5
Gl 507  ,M3
NN 3777 ,M3.5
Gl 507.1,dM2
Gl 508  ,dM1.5eJ
Gl 508  ,
Gl 508.1,A2 V
Gl 508.2,dM1
NN 3778 ,m
NN 3779 ,M3.5
NN 3780 ,m
NN 3781 ,G5 V
NN 3782 ,G5 V
Gl 508.3,K7
Gl 509  ,dM0
Gl 509  ,dK6
Gl 509.1,M0 V
NN 3783 ,dA1  p
NN 3784 ,A1 m
Gl 510  ,M2.5
NN 3785 ,A5 V
Gl 511  ,K3 V
Gl 511.1,dG6
NN 3786 ,M4
Gl 511.2,K1 III
Gl 512  ,dM4
Gl 512  ,M4
Gl 512.1,G2.5 Va
Gl 513  ,M5
NN 3787 ,m
Gl 514  ,M1 V
Gl 514.1,M4  :
Gl 515  ,DA5
GJ 1171 ,
NN 3788 ,G9 V
NN 3789 ,M4  e
NN 3790 ,m
Wo 9448 ,M0 V
Wo 9448 ,
Gl 516  ,dM3.5e
Gl 516  ,dM3.5e
GJ 2102 ,K0
Wo 9450 ,G4 V
NN 3791 ,m
GJ 1172 ,dM0.5
Wo 9452 ,K7
Gl 517  ,K5
NN 3792 ,A3 V
NN 3793 ,m
GJ 1173 ,K7 V
Wo 9453 ,dK5
Wo 9453 ,k
Gl 518  ,DZ9
Gl 518.1,K4
NN 3794 ,m
Gl 518.2,G8 V
Gl 518.2,
Gl 519  ,dM1
Gl 520  ,dM0.5
Gl 520  ,
Gl 520  ,m
NN 3795 ,M3
NN 3796 ,M3
Gl 521  ,dM2
Gl 521.1,K7
GJ 1174 ,M3
GJ 1175 ,K1 V
NN 3797 ,m
Gl 521.2,F7 V
Gl 521.2,
NN 3798 ,m
NN 3799 ,k-m
Gl 522  ,M0 V
NN 3800 ,m
GJ 1176 ,K7 V
NN 3801 ,M3
NN 3802 ,m
Gl 524  ,k
Gl 524.1,dM1
NN 3803 ,M3
Gl 525  ,dM1
Gl 525.1,F3 IV
NN 3804 ,M3.5
Gl 526  ,M4 Ve
NN 3805 ,DA3
GJ 1177 ,K5 V
GJ 1177 ,
Gl 527  ,F7 V
Gl 527  ,M2
GJ 1178 ,DA7
GJ 1179 ,dM4  :
GJ 1179 ,DC9
NN 3806 ,G3 IV-V
NN 3807 ,K4 :
NN 3808 ,m
NN 3809 ,M2:
Gl 528  ,K4 V
Gl 528  ,dK6
Gl 529  ,K6 V
NN 3810 ,M2.5
NN 3811 ,m
Gl 530  ,G5 V
NN 3812 ,M3.5
Gl 531  ,K1 V
GJ 1180 ,
Gl 532  ,dM0  p
NN 3813 ,M2
NN 3814 ,DA6
Gl 533  ,dM0
Gl 533.1,M1.5
NN 3815 ,m
GJ 1181 ,K7 V
Gl 534  ,G0 IV
Gl 534.1,G8 V
Gl 534.1,
NN 3816 ,m
Gl 534.2,dM1
Gl 534.3,G5 V
NN 3817 ,M3
NN 3818 ,m
NN 3819 ,f-g
NN 3820 ,K2 :
Gl 535  ,dM0  p
Gl 536  ,M1
Gl 536.1,dM0.5 J
Gl 536.1,
NN 3821 ,M3.5
NN 3822 ,dM0.5
NN 3823 ,M0.5
Gl 537  ,dM3  e
Gl 537  ,dM3  e
NN 3824 ,G5
Gl 538  ,G8 V
Gl 538.1,K2 III
Gl 539  ,K0- IIIb
Gl 539.1,G1 V
NN 3825 ,m
Wo 9468 ,G9 V
Gl 539.2,M0
Wo 9470 ,F8 IV
NN 3826 ,M1
NN 3827 ,K1 V
Gl 540  ,M1  e
NN 3828 ,M3.5
NN 3829 ,m+
Gl 540.1,K2 III
NN 3830 ,K1
Gl 540.2,dM5.5e
Wo 9472 ,dM0
NN 3831 ,K4 V
NN 3832 ,m
NN 3833 ,K4
NN 3834 ,m
Gl 540.3,G4 V
NN 3835 ,M2
GJ 1182 ,m
NN 3836 ,M2.5
Gl 541  ,K2 III ep
Wo 9473 ,F6 III
Wo 9474 ,A7 V
Wo 9474 ,K1 V
NN 3837 ,A0 p
NN 3838 ,M2
NN 3839 ,m
Gl 541.1,G8 V
NN 3840 ,k-m
Gl 541.2,dM0  p
Gl 542  ,K3 V
Gl 542.1,F5 V
Gl 542.1,
Gl 542.2,K5
Gl 543  ,M3
NN 3841 ,dF1
Gl 544  ,K1 V
Gl 544  ,M4
Gl 545  ,M4
NN 3842 ,M0:e:
Gl 545.1,K3/4 V
NN 3843 ,M3
NN 3844 ,m
Gl 546  ,K8 V
NN 3845 ,m
Gl 547  ,G1 V
NN 3846 ,m
NN 3847 ,m
Gl 548  ,dM1
Gl 548  ,dM2
Gl 549  ,F7 V
Gl 549  ,M3
Gl 550  ,G5 V
NN 3848 ,DC8
GJ 1183 ,m
GJ 1183 ,m
GJ 2108 ,DA6
Gl 550.1,dM0
Gl 550.2,G2 IV
Gl 550.2,G4 V
Gl 550.3,K5
Gl 551  ,dM5  e
NN 3849 ,dM9
NN 3850 ,G5
NN 3851 ,M5.5:
Gl 552  ,dM2.5
Gl 552.1,k-m
NN 3852 ,G5 V
NN 3853 ,m
Gl 553  ,K7 V
Gl 553.1,M3
NN 3854 ,G5 V    J
Gl 554  ,dK5
NN 3855 ,M6.5
NN 3856 ,m
GJ 1184 ,K5
NN 3857 ,dM0
NN 3858 ,m
Wo 9486 ,K4
NN 3859 ,G5
Gl 555  ,M3
Gl 556  ,K3 V
Gl 557  ,F2 V
Gl 558  ,dM0.5
Gl 558.1,F8 V
NN 3860 ,K0
NN 3861 ,m
NN 3862 ,gK2
Gl 559  ,G2 V
Gl 559  ,K0 V
NN 3863 ,G5 V
Gl 559.1,dG0  e
Gl 560  ,F0 Vp
Gl 560  ,K5 V
Wo 9490 ,K5
Wo 9490 ,
Wo 9490 ,K5
Wo 9491 ,F2 III
Gl 561  ,dK0
Wo 9492 ,M3
NN 3864 ,K2/3 V
NN 3865 ,k-m
Wo 9493 ,K0 III
Gl 561.1,F2 III-IV
Gl 561.1,dF9
Gl 562  ,K5 V
NN 3866 ,DC9
NN 3867 ,G8 V
GJ 1185 ,m
Gl 563.1,dM2
Gl 563.2,M3
Gl 563.2,M3
Gl 563.3,K2 V
Gl 563.4,F5 IV-V
Gl 564  ,G2 V
Gl 564.1,A3 IV
NN 3868 ,dG5
NN 3869 ,k
Gl 565  ,K5 V
Gl 566  ,G8 Ve
Gl 566  ,K4 Ve
NN 3870 ,M2
NN 3871 ,k
NN 3872 ,K0 V
Gl 567  ,K2 V
GJ 1186 ,m
Gl 568  ,M3.5 J
Gl 568  ,
Gl 569  ,dM0  e
NN 3873 ,M3.5
NN 3874 ,M0.5
NN 3875 ,m
NN 3876 ,F9 V
NN 3877 ,dM8
Gl 569.1,K1 V
NN 3878 ,M5
NN 3879 ,M7  :
Gl 570  ,K5 Ve
Gl 570  ,M2 V
Wo 9503 ,F0 V
Gl 570.1,G5 V
NN 3880 ,F8 V
NN 3881 ,K1 III
NN 3882 ,m
Gl 570.2,dM2
Gl 571  ,K7 V
GJ 1187 ,m
NN 3883 ,dK5
Gl 571.1,dM0.5
NN 3884 ,M3.5
NN 3885 ,M3
Gl 572  ,dM0
NN 3886 ,M2
Gl 574  ,K5 V
GJ 1188 ,m
NN 3887 ,K4 V
Gl 575  ,F9 V n
Gl 575  ,dG2
NN 3888 ,m
Gl 575.1,k-m
Gl 576  ,K5
NN 3889 ,DA7
NN 3890 ,M2
Wo 9510 ,G8
NN 3891 ,m
Gl 577  ,dG5  e
Gl 578  ,F5 V
Gl 579  ,K7 V
GJ 1189 ,dK8
NN 3892 ,M3
Gl 579.2,K0 VI
Gl 579.2,K2 VI
NN 3893 ,m
Wo 9512 ,G8 III
Wo 9512 ,F9 V
NN 3894 ,M4
NN 3895 ,m
Gl 579.3,K0
NN 3896 ,G5 V
NN 3897 ,G7 V
Gl 579.4,G5 V
NN 3898 ,m
Gl 580  ,K0 V J
Gl 580  ,
GJ 1190 ,K5 V
Gl 580.1,A3 V
Gl 580.2,F8 V
NN 3899 ,DA wk
Wo 9518 ,K5 p
NN 3900 ,M3
Gl 581  ,dM5
Gl 582  ,G2 V
NN 3901 ,F8 V
NN 3902 ,m
Gl 582.1,G5 V J
Gl 582.1,
GJ 2112 ,M3 :
Gl 583  ,K7 V
Wo 9520 ,dM0  e
GJ 1191 ,K2 V
GJ 1192 ,K3 V
Gl 584  ,G2 V
Gl 584  ,G2 V
Gl 585  ,M4
NN 3903 ,F0 V
NN 3904 ,G1 V
NN 3905 ,K3/4 V
Gl 585.1,dM0
NN 3906 ,K5
Gl 586  ,K2 V
Gl 586  ,K2 V
Gl 586  ,k-m
Gl 587  ,G5 V
Gl 587.1,dM0
NN 3907 ,m
NN 3908 ,M3.5
Gl 588  ,M3
NN 3909 ,G5
NN 3910 ,m
NN 3911 ,m
Gl 588.1,dM0
GJ 1193 ,M3.5
NN 3912 ,G8.5 III
Gl 589  ,M4.5:
Gl 589  ,M6
Gl 590  ,M4
NN 3913 ,k-m
Gl 591  ,K3 V
Gl 592  ,M4
Gl 593  ,K2 V
Gl 593  ,
Gl 594  ,F5 IV-V
GJ 1194 ,m
GJ 1194 ,m
Gl 595  ,M3.5
NN 3914 ,m
GJ 1195 ,F3 VI
Gl 596  ,K7
Gl 596  ,m
Gl 596.1,G5 V
Gl 596.1,
Gl 596.2,K2 III
Gl 597  ,M3
Gl 598  ,G0 V
NN 3915 ,M2-3
Gl 599  ,G6 V
Gl 599  ,DA7
NN 3916 ,M2
NN 3917 ,G8 V
Gl 599.1,k
NN 3918 ,m
NN 3919 ,m
NN 3920 ,M3:
NN 3921 ,A2 m
NN 3922 ,K5
NN 3923 ,M7
Gl 600  ,dM0
Gl 601  ,F2 IV
NN 3924 ,G1 V
Gl 602  ,F9 V
NN 3925 ,M3
NN 3926 ,m
GJ 1196 ,K5 V
NN 3927 ,m
NN 3928 ,m
Wo 9531 ,F0 IV
Gl 603  ,F6 V
Gl 604  ,K5 V
Wo 9532 ,G5
NN 3929 ,M6  :
Wo 9533 ,K0 V
NN 3930 ,K2 V
Gl 604.1,G5 IV
Wo 9535 ,dG5
Gl 606  ,dM0
NN 3931 ,F8 V
NN 3932 ,m
Gl 606.1,K0 V
Gl 606.1,k-m
NN 3933 ,m
Gl 606.2,G0 V
NN 3934 ,m
Gl 607  ,M3
Gl 608  ,dM0
NN 3935 ,m
NN 3936 ,m
Gl 609  ,M3
Gl 609.1,F8 IV-V
Wo 9540 ,F6 IV-V
Wo 9540 ,F6 IV-V
Wo 9540 ,G8 V
NN 3937 ,dM4.5-5
Wo 9541 ,G8 V
Wo 9541 ,K2 V
Gl 609.2,G8 V
Wo 9543 ,G9 V
Wo 9543 ,K1 V
Wo 9543 ,K5
Gl 610  ,K3/4 V
NN 3938 ,A m
Gl 611  ,G8 V
Gl 611  ,m
Gl 611.1,G8 V
Gl 611.2,K0
Gl 611.3,dM3  e
Gl 612  ,K3 V
Gl 612.1,dM0
NN 3939 ,m
GJ 1197 ,m
NN 3940 ,dK8
GJ 1198 ,M2
Gl 613  ,K3 V
NN 3941 ,M1.5
NN 3942 ,dM0
NN 3943 ,k-m
Wo 9547 ,g
Gl 614  ,K0 V
GJ 1199 ,DA6
Gl 615  ,K0 V
NN 3944 ,G3 V
Gl 615.1,G8 V
Gl 615.1,G8 V
NN 3945 ,M3.5
NN 3946 ,m
GJ 1200 ,m
Gl 615.2,F8 V
Gl 615.2,G1 V
Gl 615.2,M3.5
Gl 616  ,G1 V
NN 3947 ,M2
NN 3948 ,K5
Wo 9551 ,dG5
NN 3949 ,G9.5 IIIb
Gl 616.2,dM1.5e
Wo 9553 ,G0 V
Wo 9554 ,G8 III
Gl 617  ,M0 Ve
Gl 617  ,M2.5
Gl 618  ,M3
Gl 618  ,M5  :
Gl 618.1,dM2
Wo 9557 ,F3 IV-V
Wo 9557 ,
NN 3950 ,F3 V
NN 3951 ,m
Gl 618.4,M3
Gl 619  ,dM0  p
NN 3952 ,F0 V
Gl 620  ,M1
Gl 620.1,G3/5 V
Gl 620.1,DA2
Gl 621  ,K3 V
Gl 622  ,K5
Gl 623  ,dM3
Gl 624  ,G0 V
Gl 624.1,G8 III
Gl 624.1,K2
NN 3953 ,m
NN 3954 ,m
Gl 625  ,dM2
GJ 1201 ,DA s
Gl 626  ,dK8
Gl 626.1,K0 IV
NN 3955 ,m
NN 3956 ,G5
Gl 626.2,DZA6
Gl 627  ,K3 V
Gl 627  ,K3 V
GJ 2121 ,M3
Gl 628  ,M3.5
NN 3957 ,K5
Gl 629  ,K0 V
NN 3958 ,DA6
GJ 1202 ,k-m
NN 3959 ,m+
Wo 9566 ,K1
GJ 1203 ,k-m
NN 3960 ,m
NN 3961 ,m
Gl 629.2,G5 Ve
NN 3962 ,k
NN 3963 ,m
Gl 629.3,M1 :
NN 3964 ,M3.5
Gl 630  ,dM0
NN 3965 ,DA8
Gl 630.1,dM4  e
Gl 630.1,DQ8
NN 3966 ,m
GJ 1204 ,m
Gl 631  ,K0 Ve
Gl 632  ,dG3
Gl 632.1,dK6
Gl 632.2,K7
Gl 632.2,DA
Gl 632.3,G
Gl 633  ,M3
Wo 9572 ,K2
NN 3967 ,m
Gl 634  ,M3
Gl 634.1,dG2
Wo 9574 ,G7.5 II CN
NN 3968 ,M2
NN 3969 ,g-k
Gl 635  ,G0 IV
Gl 635  ,K0 V
NN 3970 ,G8 V
GJ 1205 ,DC7
NN 3971 ,m
Gl 635.1,gG9
Gl 637  ,m
Gl 637.1,K1 V
Gl 638  ,K7 V
Wo 9577 ,K5
NN 3972 ,m
Wo 9578 ,F2 V
Gl 638.1,K0 V
NN 3973 ,M2
Gl 639  ,K7 V
Gl 639.2,g
GJ 1206 ,DAV4
NN 3974 ,K4
Gl 640  ,dK5
NN 3975 ,k
NN 3976 ,m
NN 3977 ,dK8
NN 3978 ,dK8
Gl 641  ,G8 V
NN 3979 ,m
Gl 642  ,dM1.5
Gl 643  ,sdM4
Gl 644  ,M3   J
Gl 644  ,
Gl 644  ,M7
Gl 645  ,M1
GJ 1207 ,dM3.5
Wo 9581 ,K5 III
GJ 1208 ,DA6
NN 3980 ,m
Gl 646  ,K5 V
Gl 646  ,
Gl 647  ,dM0
Gl 648  ,F6 V
Gl 649  ,dM2
NN 3981 ,m
Gl 649.1,dK8   J
Gl 649.1,
Gl 649.1,dK8
NN 3982 ,K3 V
NN 3983 ,m
Gl 650  ,G2 V
NN 3984 ,m
NN 3985 ,F6 V
NN 3986 ,m
NN 3987 ,dM2
Gl 651  ,G8 V
Gl 652  ,G8 IV-V
GJ 1209 ,m
NN 3988 ,k-m
Gl 653  ,K5 V
Wo 9582 ,K4 V
Wo 9582 ,K4
Gl 654  ,M3.5V
Gl 654.1,F9 V
Gl 654.2,K0 V
Wo 9584 ,F7 V
Wo 9584 ,F7 V
Wo 9584 ,M3 :
Gl 654.3,K5 V
Gl 654.4,K0
Gl 655  ,M3
GJ 1210 ,m
GJ 1211 ,DZ7
Gl 656  ,K0 V
NN 3989 ,G5
Gl 656.1,A1 V
Gl 656.1,A3 V
NN 3990 ,m
NN 3991 ,M3
Gl 657  ,F0 IVn
Gl 659  ,dK8
Gl 659  ,dK8
Gl 660  ,M3.5   J
Gl 660  ,
NN 3992 ,m
Gl 660.1,M0
NN 3993 ,G5
Gl 661  ,M3   J
Gl 661  ,M3.5
GJ 1212 ,dM1
GJ 1213 ,dM1
Gl 663  ,K1 Ve
Gl 663  ,K1 Ve
NN 3994 ,m
GJ 1214 ,m
NN 3995 ,A3 IV
Gl 664  ,K5 Ve
NN 3996 ,dM0
NN 3997 ,M2
NN 3998 ,M2.5
GJ 2128 ,M3.5
NN 3999 ,M3
NN 4000 ,M3
Gl 665.1,G3 V
Gl 666  ,G8 V
Gl 666  ,M0 V
GJ 1215 ,m
Gl 667  ,K3 V
Gl 667  ,K5 V
Gl 667  ,M2.5
Gl 667.1,G2 V
NN 4001 ,K7
NN 4002 ,m
Gl 668.1,G9 V
Gl 669  ,dM4  e
Gl 669  ,dM5  e
Gl 670  ,F2 V
Gl 670  ,K3
Gl 671  ,M3
Gl 672  ,G2 V
GJ 1216 ,m
NN 4003 ,m
GJ 1217 ,K5 V
Gl 672.1,M2
NN 4004 ,m
NN 4005 ,M2
Gl 673  ,K7 V
Gl 673.1,A9 V
GJ 1218 ,m
NN 4006 ,
NN 4007 ,M3.5
Gl 674  ,M3
Gl 675  ,K0 V
GJ 1219 ,m
NN 4008 ,K5 V
Gl 676  ,M0
Gl 676  ,m
NN 4009 ,m
Gl 677  ,dM0   J
Gl 677  ,
Gl 678  ,G8 IV-V
Gl 678  ,G8 IV-V
Gl 678.1,M1 V
NN 4010 ,G5
Gl 679  ,G5 V
NN 4011 ,m
Gl 680  ,M0
Gl 681  ,A5 III
NN 4012 ,DA8
Gl 682  ,M3.5
Wo 9593 ,G2 V
Wo 9593 ,G5
Gl 683  ,A7 V
Gl 683.1,G5 V
Gl 683.2,G8 V
Gl 683.2,
Gl 684  ,G0 Va
Gl 684  ,K3 V
NN 4013 ,k-m
Gl 685  ,M1 Ve
NN 4014 ,G5 V
NN 4015 ,m
Gl 686  ,dM1
Gl 686.1,dM0  eJ
Gl 686.1,
NN 4016 ,M4
Gl 686.2,F2 V
Gl 687  ,M3.5 V
Gl 688  ,K3 V
GJ 1220 ,m
Gl 689  ,dK8
NN 4017 ,F5 V
NN 4018 ,M1
NN 4019 ,M5
NN 4020 ,dK8
NN 4021 ,
NN 4022 ,M3
Gl 690  ,dM0
NN 4023 ,M3
Gl 690.1,M2.5
Wo 9599 ,K0
Gl 691  ,G5 V
Wo 9600 ,M2
Gl 692  ,F5 V
NN 4024 ,M2
Gl 692.1,K0 V
Gl 693  ,M3.5
Gl 694  ,dM3.5
NN 4025 ,g
Gl 694.1,F5 IV-V
Gl 694.1,F8 V
NN 4026 ,m
Gl 694.2,dM1.5
Gl 695  ,G5 IV
Gl 695  ,M3   J
Gl 695  ,M4   K
Gl 695.1,G8 V
Wo 9605 ,K1 V
NN 4027 ,G5
NN 4028 ,M2
Gl 696  ,dM1.5
NN 4029 ,m
NN 4030 ,M4.5-5
GJ 1221 ,DXP9
NN 4031 ,m
NN 4032 ,m
GJ 2133 ,k
Gl 697  ,dK5
NN 4033 ,F8 V
GJ 1222 ,m
Gl 697.1,dM0  e
Gl 698  ,dK8
NN 4034 ,G5
NN 4035 ,dK8
NN 4036 ,M3
NN 4037 ,m
NN 4038 ,m
Gl 698.1,K3 V
NN 4039 ,G2 V
Gl 699  ,M5 V
Wo 9608 ,K0 V
NN 4040 ,m
Gl 699.1,DA7
Gl 699.2,F3 V
Gl 711  ,K0 III-IV
Gl 700.1,dF3   J
Gl 700.1,
Gl 700.1,
Gl 700.2,K0 V
GJ 1223 ,m
Gl 701  ,dM2
NN 4041 ,M0
Gl 702  ,K0 Ve
Gl 702  ,K5 Ve
Gl 702.1,G5 V
Gl 702.2,G2 V
GJ 1224 ,m
Wo 9615 ,A4 V
Wo 9615 ,
Gl 703  ,G6
Gl 704  ,F7 V
Gl 704  ,K5 V
Gl 705.1,G3 IV-V
NN 4042 ,K7 V
Gl 705.2,K5
Gl 706  ,K2 V
Gl 707  ,K7 Ve
NN 4043 ,K7
NN 4044 ,m
NN 4045 ,m
Gl 708  ,dM1
NN 4046 ,M0
Gl 708.1,F5 V
Gl 708.2,dM0
Gl 708.3,M5
Gl 708.4,G2 V
Gl 709  ,dM0
NN 4047 ,K3
Wo 9624 ,F7 V
NN 4048 ,m
NN 4049 ,m
NN 4050 ,G5 V
NN 4051 ,M2.5
Gl 710  ,dM1
NN 4052 ,G8 V
GJ 1225 ,m
GJ 1226 ,M3.5
NN 4053 ,m
Gl 712  ,M3
NN 4054 ,DC:9
GJ 2135 ,DA7
NN 4055 ,M3
NN 4056 ,g
Gl 713  ,F7 V
GJ 1227 ,m
NN 4057 ,M0
NN 4058 ,M1
NN 4059 ,m
Gl 713.1,K1+ IIIb
Gl 714  ,M1
Gl 715  ,dK5
Gl 716  ,K3 V
GJ 1228 ,DXP8
NN 4060 ,K7
NN 4061 ,K5
GJ 1229 ,G8 V
NN 4062 ,m
Gl 717  ,K7 V
Gl 718  ,K4 V
Gl 719  ,K6 Ve
Wo 9629 ,G0
NN 4063 ,M3  p
NN 4064 ,M2
Gl 720  ,dM2
Gl 720  ,m
NN 4065 ,M3.5
Wo 9630 ,G5 V
Gl 721  ,A0 V
GJ 2138 ,dM1
Gl 722  ,G5 V
NN 4066 ,F9
Gl 722.1,dK0  e
Gl 723  ,M0.5
Gl 724  ,M0
NN 4067 ,m
GJ 1230 ,k-m
GJ 1230 ,m
NN 4068 ,M4  e
Gl 724.1,G5 V
NN 4069 ,m
NN 4089 ,m
NN 4070 ,M3
GJ 2139 ,DA5
NN 4071 ,m
NN 4072 ,DA6
NN 4073 ,m
Gl 725  ,dM4
Gl 725  ,dM5
NN 4074 ,k
Gl 725.1,K0
Gl 725.2,F6 V
NN 4075 ,m
Gl 725.3,G3 V
NN 4076 ,M1
Gl 726  ,K7
NN 4077 ,k
NN 4078 ,m
NN 4079 ,M3
Gl 727  ,dK4
Gl 728  ,dM1.5
NN 4080 ,K2 III
Gl 729  ,dM4.5e
Gl 730  ,dM1.5
NN 4081 ,m
NN 4082 ,M2
NN 4083 ,m
NN 4084 ,m
Gl 731  ,dM1.5
NN 4085 ,K3 V
NN 4086 ,m
Gl 732  ,sdG0
Gl 732  ,
Gl 732.1,G9 IVa
NN 4087 ,K1 V
Wo 9637 ,K3 IIIa:
Gl 734  ,dM0
Gl 734  ,
Gl 735  ,dM3  e
Gl 736  ,G8 V
Gl 737  ,K7 V
Gl 737  ,K5 V
Wo 9638 ,K2
NN 4088 ,m
Gl 738  ,F9 V
Gl 738  ,K1 V
NN 4090 ,dM0
NN 4091 ,m
Gl 739  ,M3
Gl 740  ,M2 V
Wo 9639 ,G2 V
NN 4092 ,M2
Gl 740.1,dG5
Gl 741  ,M4  :
Gl 742  ,DXP5
Wo 9641 ,K0 III
NN 4093 ,m
NN 4094 ,M0
Gl 743  ,G9
Gl 743.1,F8 V
Gl 743.1,F8 V
NN 4095 ,A0 Vn
Gl 743.2,dK2
Gl 744  ,G5 IV
Wo 9643 ,K1 III
Gl 745  ,sdM2
Gl 745  ,sdM2
NN 4096 ,K1 V
NN 4097 ,K0 V
Gl 746  ,G5 V
Gl 747  ,M3.5 J
Gl 747  ,M5   K
GJ 1231 ,m
Gl 747.1,M3
NN 4098 ,m
Gl 747.2,dK6
Gl 747.3,K7 V
NN 4099 ,M0
GJ 1232 ,k-m
NN 4100 ,g
NN 4101 ,dK8
Gl 747.4,k-m
NN 4102 ,M3.5
NN 4103 ,m
NN 4104 ,M3
Gl 748  ,dM4
NN 4105 ,m
Wo 9648 ,G6 V
Wo 9648 ,G6 V
Gl 748.1,F2 V
GJ 1233 ,G8 V
Gl 748.2,K4
Gl 748.2,k-m
Wo 9652 ,M3
Wo 9652 ,M3.5
Gl 750  ,K9 V J
Gl 750  ,
Gl 751  ,dM0
Gl 752  ,M3.5Ve
Gl 752  ,dM5  e
NN 4106 ,M2
Gl 754  ,M4.5
GJ 1234 ,DC7
Gl 754.2,G8 V
Gl 754.1,DQ5
Gl 754.1,dM5
Gl 755  ,G5 V
NN 4107 ,F0 IV
Gl 755.1,DA5
GJ 1235 ,k-m
GJ 1236 ,m
Gl 756  ,M1
Gl 756.1,K5 V
NN 4108 ,m
Gl 757  ,K4
Gl 758  ,K0 V
Gl 759  ,G8 IV
Gl 760  ,F0 IV
NN 4109 ,M3.5
NN 4110 ,m
GJ 1237 ,K3 V
GJ 1238 ,m+
NN 4111 ,K7
Wo 9657 ,K3 III
Wo 9657 ,
Gl 761.1,G7 IV
Wo 9659 ,G0
GJ 1239 ,K5 V
GJ 1240 ,K2 V
Gl 761.2,dM0.5
NN 4112 ,M4
Gl 762  ,m+
Gl 762.1,K1 V
Wo 9661 ,K3 IIIb
NN 4113 ,M2.5
Gl 763  ,dM0.5
Gl 764  ,K0 V
NN 4114 ,dM1
NN 4115 ,
NN 4116 ,F7 V
NN 4117 ,M3
Gl 764.1,K2 V
Gl 764.1,K7
Gl 764.2,F7 V
Gl 765  ,F4 V
Gl 765  ,
GJ 1241 ,DAV5
NN 4118 ,G5
Wo 9664 ,G5 V
Wo 9664 ,
NN 4119 ,M1
GJ 1242 ,m
NN 4120 ,M0.5
Gl 765.1,G2 V
Gl 765.1,G5 V
Gl 765.2,dK0
Wo 9666 ,F5 IV
NN 4121 ,m
Gl 765.3,F8
Gl 765.4,K3 V
Gl 765.4,K3 V
Gl 766  ,dM4.5 J
Gl 766  ,
NN 4122 ,M0
Gl 767  ,M0.5
Gl 767  ,M2  :
Gl 767.1,F5 IV-V
Gl 767.1,dK6
NN 4123 ,k
NN 4124 ,M3
NN 4125 ,m
Gl 768  ,A7 IV-V
Gl 768.1,F8 V
Gl 768.1,M3
GJ 1243 ,m
NN 4126 ,G0 V
Gl 769  ,M3
GJ 1244 ,K5 V
Gl 770  ,K3/4 V
NN 4127 ,m
NN 4128 ,m
GJ 1245 ,M5.5 V e
GJ 1245 ,m
Wo 9672 ,K3
Gl 771  ,G8 IV
Gl 771  ,M3
GJ 1246 ,K4 V
Gl 772  ,DA6
Wo 9674 ,M2
Gl 773  ,K4 V
Gl 773  ,m
GJ 1247 ,K3 V
Gl 773.2,K0 Ve
Wo 9677 ,dM0  p
Wo 9677 ,m
NN 4129 ,k
Gl 773.3,G0 V
Gl 773.4,F8 V
NN 4130 ,G5
Gl 773.6,K5 V
Gl 774  ,m
Gl 774  ,m
Gl 775.1,G8 V
Gl 775  ,K4 V
Gl 776  ,G2 V
Gl 776.1,K4 :
NN 4131 ,m
NN 4132 ,k-m
GJ 1248 ,k-m
Gl 777  ,G8 IV-V
Gl 777  ,M4  :
Gl 778  ,K1 V
Gl 779  ,G1 V
Gl 779.1,K3 V
NN 4133 ,DC9
NN 4134 ,dK0
GJ 1249 ,G5 IV
Gl 780  ,G8 V
Gl 781  ,dM3  e
NN 4135 ,m
Gl 781.1,M3
Gl 781.1,M3.5
NN 4136 ,k-m
GJ 1250 ,m
Gl 781.2,K3/4 V
Gl 781.3,DA6
Gl 782  ,K4 Vp
GJ 2147 ,DA4
NN 4137 ,m
Gl 783  ,K3 V
Gl 783  ,M3.5
Gl 783.2,K1 V
Gl 783.2,dM
NN 4138 ,G8 V
NN 4139 ,F7 V
Gl 784  ,M0 V
Gl 784.2,dM5
Gl 784.2,DA7
NN 4140 ,K7 V
Gl 785  ,K0 V
Gl 786  ,dM0
NN 4141 ,K1 V
Gl 786.1,dM0  p
NN 4142 ,dK8
Gl 787  ,K5 V
NN 4143 ,m
Gl 788  ,G5 V
NN 4144 ,m
NN 4145 ,M0
Wo 9691 ,G2 IV-V
Gl 788.1,m
GJ 1251 ,M4.5
GJ 1252 ,m
Gl 790  ,G5 V
Gl 791  ,M3
NN 4146 ,m
GJ 1253 ,M5
Gl 791.1,F2 IV
Gl 791.1,
Gl 791.2,dM6  e
Wo 9697 ,dM1
Wo 9697 ,
Gl 791.3,dK8
Gl 792  ,M4
Gl 793  ,dM3
Gl 793.1,G9 V
NN 4147 ,F6 V
NN 4148 ,m
NN 4149 ,m
Gl 794  ,DA3
GJ 1254 ,m
NN 4150 ,m
NN 4151 ,m
Gl 794.1,K0 III
NN 4152 ,m
NN 4153 ,M2
Gl 794.2,F8 V
Gl 794.3,G2 V
Gl 795  ,K4 V
Gl 795  ,K8 V
Gl 796  ,G8 V
GJ 1255 ,G8 V
GJ 1255 ,K0 V
GJ 1255 ,
NN 4154 ,m
GJ 1256 ,dM4-5
NN 4155 ,M0  e
Gl 797  ,G5 V
Gl 797  ,m
Gl 798  ,K7 V
Gl 799  ,dM4.5e
Gl 799  ,dM4.5e
GJ 1257 ,K5 V
GJ 2149 ,DA3
Gl 799.1,DA3
Gl 800  ,dM2
Gl 800  ,
NN 4156 ,K7
NN 4157 ,G5 V
NN 4158 ,A7 III-IV
NN 4159 ,K0
Gl 802  ,dM5  e
Gl 803  ,M0 Ve
NN 4160 ,k-m
NN 4161 ,m
Gl 804  ,dM1.5e
NN 4162 ,m
Gl 805  ,F5 V
Gl 806  ,dM3
Wo 9706 ,F8 IV-V
Gl 806.1,K0- III
Gl 806.1,M4
Gl 807  ,K0 IVe
Gl 808  ,M2.5
Gl 808.1,F1 IV
NN 4163 ,m
NN 4164 ,M3.5
NN 4165 ,DA4
Gl 808.2,K5 V
NN 4166 ,DC9
NN 4167 ,K5
NN 4168 ,G7 III CN
NN 4169 ,m
NN 4170 ,M3
Gl 809  ,M2 Ve
GJ 1259 ,K3 V
Gl 810  ,M3.5 J
Gl 810  ,
Gl 811  ,F8 V
Gl 811.1,dM4
Gl 812  ,M3
Gl 812  ,DC9+
Gl 812.1,G0 V
NN 4171 ,A2
Gl 813  ,M3
NN 4172 ,K0 V
NN 4173 ,M2
NN 4174 ,K5
Wo 9713 ,K4
Gl 815  ,dM3  eJ
Gl 815  ,
Wo 9714 ,K5 V
NN 4175 ,m
NN 4176 ,m
NN 4177 ,m
Gl 816  ,M2.5
Wo 9716 ,M4
NN 4178 ,m
Gl 816.1,K25 V
Gl 816.1,
Gl 816.2,A5 V
Gl 816.2,
Gl 817  ,M2
Gl 818  ,K6 V
NN 4179 ,K7
NN 4180 ,m
Gl 818.1,G3 IV  J
Gl 818.1,
Gl 818.1,
Gl 819  ,K1 Ve
Gl 819  ,M0
Gl 820  ,K5 Ve
Gl 820  ,K7 Ve
Gl 820.1,DA6
Wo 9720 ,A0 V
NN 4181 ,dK8
Wo 9721 ,dM2
Wo 9721 ,
Gl 821  ,M3
Wo 9722 ,sdM1
Wo 9723 ,K3
Wo 9724 ,M1
Wo 9725 ,K5
NN 4182 ,M1
Wo 9726 ,F7 V
NN 4183 ,K2
GJ 2152 ,f
Gl 822  ,F7 V
Gl 822  ,F7 V
Gl 822.1,F0 IV
Gl 822.1,G0 V
Gl 822.1,M3
NN 4184 ,m
Gl 822.2,G5 V
NN 4185 ,m
NN 4186 ,m
Gl 824  ,dK8
Gl 825  ,M0 Ve
Gl 825.1,G5 V
NN 4187 ,M1
NN 4188 ,
NN 4189 ,M3
NN 4190 ,M4
Gl 825.2,G5 V
Gl 825.3,dK6
NN 4191 ,DA6
Wo 9732 ,m
Wo 9733 ,A5 V
Wo 9733 ,A7 V
Gl 825.4,G5 V
Gl 825.4,dG6
Gl 826  ,A7 IV-V
GJ 1261 ,DA
Wo 9735 ,G5
Gl 826.1,K5 V
GJ 1262 ,G5 V
Gl 826.2,M2
NN 4192 ,m
Gl 827  ,F8 V
NN 4193 ,M7
Gl 827.1,K3 V
Gl 828  ,K0 V
Gl 828  ,m
Gl 828.1,dM1
Gl 828.2,M0
NN 4194 ,G5
NN 4195 ,M0.5
NN 4196 ,m
NN 4197 ,M4
Gl 828.4,K2
Gl 828.5,DA4
Gl 829  ,dM4  e
Gl 830  ,M0 V
NN 4198 ,M3
Gl 831  ,dM4.5e
Gl 831  ,
NN 4199 ,dK8
NN 4200 ,G0
NN 4201 ,m
Gl 832  ,M1 V
NN 4202 ,M3.5
NN 4203 ,dM
NN 4204 ,m
NN 4205 ,M3.5
Gl 833  ,K2 V
NN 4206 ,M2
Gl 834  ,dM0
Gl 834  ,
NN 4207 ,M2
Gl 835  ,M0  e
Gl 835.1,K0 III
NN 4208 ,M0
Gl 836  ,M3.5
Gl 836.1,G4 IV-V
NN 4209 ,F0 p
NN 4210 ,M3:
NN 4211 ,m
Wo 9747 ,M3.5
Gl 836.3,K5 V
Gl 836.4,M1.5:
NN 4212 ,m
Gl 836.5,DQ6
NN 4213 ,dM3
NN 4214 ,m
NN 4215 ,m
Gl 836.6,F4 V
Gl 836.6,G2 V
Gl 836.7,G0 V
NN 4216 ,M3.5
Gl 836.8,dK6
NN 4217 ,M3.5
Gl 836.9,K7 V
Gl 836.9,K7 V
NN 4218 ,m
GJ 1263 ,M3.5
Gl 837  ,A6 m
GJ 1264 ,M2 Ve
Wo 9754 ,K3 V
NN 4219 ,M3.5
Gl 838  ,G2 V
NN 4220 ,M1.5
NN 4221 ,m
NN 4222 ,m+
NN 4223 ,M4
NN 4224 ,M6
NN 4225 ,m
Gl 838.1,K3 V
Gl 838.1,m
Wo 9757 ,K5
NN 4226 ,G0
Wo 9758 ,K0
NN 4227 ,m
Gl 838.2,K1
NN 4228 ,m
NN 4229 ,K3/4 V
NN 4230 ,
NN 4231 ,dM2
Gl 838.3,G8
Gl 838.3,M1
Gl 838.4,DA3
NN 4232 ,m
NN 4233 ,K2
NN 4234 ,F5 VI-V
Gl 838.5,F1 III
NN 4235 ,
NN 4236 ,DA6
Gl 838.6,M1
Gl 839  ,dM1
Gl 840  ,dK0  e
NN 4237 ,
NN 4238 ,
Gl 841  ,M0
Gl 841  ,DQ7
NN 4239 ,dM5
NN 4240 ,M3.5
NN 4241 ,M1
NN 4242 ,m
NN 4243 ,m
Gl 842  ,M2
NN 4244 ,K7
NN 4245 ,M4
Wo 9763 ,M2 :
NN 4246 ,m
Gl 842.2,dM1
NN 4247 ,m+
Gl 843  ,M3
Gl 844  ,M2 V
NN 4248 ,M3.5
Gl 845  ,K5 Ve
Gl 846  ,M0.5 V
NN 4249 ,M4
Gl 847  ,m
Gl 847  ,m
NN 4250 ,
NN 4251 ,m
NN 4252 ,M3
NN 4253 ,M3.5
NN 4254 ,K7
NN 4255 ,m
Gl 847.1,K2 V
NN 4256 ,m
NN 4257 ,M4
NN 4258 ,M1.5
Gl 848  ,F5 V
Gl 848.1,K7
Gl 848.1,m
Gl 848.1,m
Gl 848.2,B5 V
Gl 848.4,G8 IV
Gl 849  ,dM3.5
Gl 849.1,F6 V
NN 4259 ,DA6
NN 4260 ,k-m
Wo 9771 ,A2 V
NN 4261 ,G0 V
NN 4262 ,k-m
Gl 850  ,K0
Gl 851  ,dM2  e
Wo 9773 ,M3
NN 4263 ,M3.5
GJ 1265 ,m
NN 4264 ,m
NN 4265 ,dM2
Gl 851.2,G5 V
Wo 9775 ,K2
Gl 851.3,G8 V
Gl 851.4,K0
Gl 851.5,dM0.5
NN 4266 ,F0 IV
NN 4267 ,m
NN 4268 ,K1 V
NN 4269 ,m
NN 4270 ,K3 V
Gl 852  ,dM4.5e
Gl 852  ,dM5  e
Gl 852.1,m
NN 4271 ,
Gl 853  ,G1 V
Gl 853  ,
GJ 1266 ,k
Gl 854  ,dK6
NN 4272 ,m
NN 4273 ,M5
Wo 9779 ,A0 V
GJ 1267 ,M0 V
Gl 855  ,M3
Gl 855.1,G0 V J
Gl 855.1,
NN 4274 ,M4
NN 4275 ,m
Gl 856  ,dM0  eJ
Gl 856  ,
Gl 857  ,G4 V
Wo 9780 ,M3.5
Gl 857.1,dK7  e
Gl 857.1,
GJ 1268 ,m+
NN 4276 ,m
NN 4277 ,dM
NN 4278 ,m
Gl 859  ,G3 V
Gl 859  ,G3 V
Wo 9782 ,F7 V
Wo 9782 ,K4:
NN 4279 ,dM3   :
NN 4280 ,K7
GJ 1269 ,K0 V
GJ 1269 ,
Gl 860  ,M2 V
Gl 860  ,M6 V
NN 4281 ,M6.5
Wo 9784 ,dM0
Gl 862  ,K5 V
GJ 1270 ,m
Gl 862.1,F7 V
Gl 863  ,M0
Wo 9787 ,G8 V
NN 4282 ,M3
Gl 863.1,dM1   J
Gl 863.1,
Gl 863.2,F3 V
NN 4283 ,dM4  :
NN 4284 ,dM4
Gl 863.3,G5 V
Gl 864  ,dM1
NN 4285 ,m
NN 4286 ,
Gl 865  ,k-m
Wo 9791 ,
NN 4287 ,M2
NN 4288 ,m
NN 4289 ,m
Gl 866  ,M5  e
Gl 867  ,dM2  e
Gl 867  ,dM4  e
Gl 867.1,G8/K0 V J
Gl 867.1,dG9  e
Gl 867.1,k-m
Gl 868  ,K5 Ve
Gl 869  ,G8 V
NN 4290 ,m
Wo 9793 ,M0
Gl 871  ,G1 V
Gl 871  ,M1
GJ 1271 ,M3
NN 4291 ,K0
NN 4292 ,m
GJ 1272 ,dK6
GJ 1272 ,
NN 4293 ,M3
NN 4294 ,m
NN 4295 ,G8 IIIa CN
Gl 871.2,K0
Gl 872  ,F6 IV-V
Gl 872  ,M1
Gl 873  ,dM4.5e
NN 4296 ,F8
Gl 874  ,M3
NN 4297 ,m
Wo 9796 ,A2 V
GJ 1273 ,DA5
Wo 9797 ,G5 V
NN 4298 ,G8+ III
Gl 875  ,dM1  e
GJ 1274 ,m
NN 4299 ,m
NN 4300 ,m
GJ 1275 ,DA9
Wo 9798 ,dK4
Gl 875.1,dM3.5e
NN 4301 ,dK8
Wo 9800 ,A0 III
Wo 9800 ,
Wo 9801 ,F7 IV
Wo 9801 ,M3:
Gl 876  ,dM5
Wo 9802 ,G3 IV
GJ 1276 ,DZ9+
NN 4302 ,m
Gl 877  ,k
Gl 878  ,M3
NN 4303 ,M4
NN 4304 ,dM0
NN 4305 ,DB
GJ 1277 ,M4
NN 4306 ,M0
Gl 879  ,K5 Ve
Gl 880  ,dM2  e
NN 4307 ,m
Gl 881  ,A3 V
Gl 882  ,G4 V
Gl 883  ,dM1
Gl 884  ,K5/M0 V
NN 4308 ,M1:
NN 4309 ,M2
Gl 886  ,K4 V
Gl 886.1,A3 Vn
Gl 886.1,
NN 4310 ,M3
Gl 886.2,F0 IV
GJ 1278 ,dM1
Gl 887  ,M2 Ve
Wo 9808 ,G6 V
Wo 9809 ,dM0
Gl 889  ,K5 V
Gl 889  ,k-m
NN 4311 ,M2
NN 4312 ,m
Gl 889.1,dM0
Gl 890  ,dM2.5e
GJ 1279 ,K5 V
NN 4313 ,K3 V
NN 4314 ,k-m
GJ 1280 ,K4 V
Wo 9812 ,G2 V
Wo 9812 ,A3 (IV)
Gl 891  ,M2.5
NN 4315 ,G5
GJ 1281 ,M3
NN 4316 ,m
Gl 891.1,F0 V
NN 4317 ,k-m
Gl 892  ,K3 V
NN 4318 ,G5 V
GJ 2154 ,K7 V
GJ 2154 ,m
Gl 893.1,DQ6
Gl 893.2,K0 III
Gl 893.2,K3 V J
Gl 893.2,
NN 4319 ,k
NN 4320 ,K2 V
GJ 1282 ,F7 V
Gl 893.3,g-k
Gl 893.3,
Gl 893.4,dM0
NN 4321 ,K5 V
NN 4322 ,K5 V
NN 4323 ,dM0.5
NN 4324 ,F7  V
Wo 9818 ,F1 III
Gl 894  ,K3/5 V
NN 4325 ,m
NN 4326 ,M4
NN 4327 ,m
NN 4328 ,dK8
NN 4329 ,dM4
NN 4330 ,F5 V
Wo 9819 ,G2 V
NN 4331 ,M3
Gl 894.1,M0.5
Wo 9821 ,G8 III
GJ 1283 ,K4 V
Gl 894.2,G5 IV
Gl 894.2,K2 V
NN 4332 ,M2
Wo 9822 ,K1 V
NN 4333 ,m
Gl 894.4,K1 V
Gl 894.5,K2 V
Gl 895  ,dM2  e
Gl 895.1,M0
NN 4334 ,m
Wo 9826 ,K3
GJ 2155 ,K7
NN 4335 ,m
NN 4336 ,m
Wo 9827 ,dM0.5
Gl 895.2,DAV4
Gl 895.3,K7 V
NN 4337 ,M2
NN 4338 ,M3 :
GJ 1284 ,M2 Ve
NN 4339 ,K0
Gl 895.4,K0 V
Wo 9829 ,F8 V
Gl 896  ,dM4  e
Gl 896  ,dM6  e
NN 4340 ,G2 V
Gl 897  ,M3.5 J
Gl 897  ,
Gl 898  ,K5/M0 V
Wo 9830 ,G0
Gl 899  ,M4
Gl 900  ,dM0.5
NN 4341 ,M3
GJ 1286 ,M5
Gl 900.1,G8 V
NN 4342 ,m
NN 4343 ,K0
NN 4344 ,DA
NN 4345 ,m
NN 4346 ,M0
NN 4347 ,M0
NN 4348 ,
NN 4349 ,M1
NN 4350 ,M4
Gl 901  ,M3.5:
Wo 9832 ,G8 III-IV
NN 4351 ,G5
NN 4352 ,M2
NN 4353 ,M3
NN 4354 ,m
NN 4355 ,DA
NN 4356 ,m
NN 4357 ,g
Gl 902  ,K3 V
GJ 2157 ,K0 V
Gl 902.1,K1 V
Gl 903  ,K1 IVe
Gl 904  ,F7 V
NN 4358 ,M2
Gl 904.1,K2
Gl 904.1,
Gl 905  ,dM6  e
Wo 9835 ,dM0
Wo 9836 ,B9 V
Wo 9836 ,
GJ 1288 ,m
GJ 1289 ,k
Gl 905.2,dM5
Gl 905.2,DA4
NN 4359 ,M1.5
GJ 1290 ,m
NN 4360 ,m
Gl 906  ,dM0
NN 4361 ,m
Gl 907  ,M1.5
Gl 907.1,dM0
NN 4362 ,M3.5:
Gl 908  ,M2 Ve
NN 4363 ,dM4  :
NN 4364 ,M1
NN 4365 ,DA9
NN 4366 ,G7 V
GJ 1291 ,K1 V
Gl 908.1,dK8
NN 4367 ,m
NN 4368 ,M1
NN 4369 ,m
NN 4370 ,m
Wo 9843 ,F5 V
NN 4371 ,m
Gl 909  ,K3 V
Gl 909  ,M2
Gl 909.1,K4
Gl 910  ,dM0  e
NN 4372 ,M4
NN 4373 ,m
NN 4374 ,M3:
Gl 911  ,dM0.5
NN 4375 ,K1 V
NN 4376 ,m
Gl 912  ,M2
NN 4377 ,K3 V
NN 4378 ,M4
NN 4379 ,M4
GJ 1292 ,k-m
NN 4380 ,m
NN 4381 ,m
NN 4382 ,dG2
NN 4383 ,M3
Gl 913  ,dM0.5
NN 4384 ,F8 V
NN 4385 ,m
NN 4386 ,M7
NN 4387 ,M4
GJ 1293 ,dM1.5
NN 4388 ,K1 III
Wo 9848 ,K3
Gl 914  ,G3 V
Gl 914  ,K6 V
Gl 915  ,DA5
GJ 1294 ,M0 V
GJ 1294 ,
